user_id,transaction_amount,transaction_category_id
7d3ef17e-4843-4155-b1fc-4f8bbe429366,37.38,1
2a54867a-7b20-4272-b906-de5b4fbd8ea2,41.86,1
c518fd1c-a6bb-48ee-af41-e8a6b94e49f4,98.32,2
7cfe97b7-ab44-432b-a2a9-526cc4705b06,44.36,7
b2d30a62-36bd-41c6-8221-987d5c4cd707,63.05,3
b2d30a62-36bd-41c6-8221-987d5c4cd707,13.97,4
b2d30a62-36bd-41c6-8221-987d5c4cd707,97.15,4
b2d30a62-36bd-41c6-8221-987d5c4cd707,23.54,5
0c652796-5295-434b-af1c-ad3147687141,49.34,1
32421307-8919-43fa-b54f-7a30e2c7a4f1,18.02,10
8e6bdf30-ce70-4d5a-8b4d-dbcf04744a68,87.51,5
320f4a89-be2d-4884-bfa7-9b7c936bc360,83.25,1
87eb181b-f451-41b5-ad3b-f6343bcd0205,96.66,1
87eb181b-f451-41b5-ad3b-f6343bcd0205,92.63,5
fa257f55-33f5-4b30-a253-cdec0683b136,13.35,10
fa257f55-33f5-4b30-a253-cdec0683b136,99.76,6
fa257f55-33f5-4b30-a253-cdec0683b136,13.40,5
fa257f55-33f5-4b30-a253-cdec0683b136,24.09,7
7796dc4f-2971-4ab9-a725-5b9a7b3fb0fb,32.86,2
7796dc4f-2971-4ab9-a725-5b9a7b3fb0fb,51.02,6
8a8db9a1-65c8-4aeb-a565-8d5ac9b59819,14.20,1
8a8db9a1-65c8-4aeb-a565-8d5ac9b59819,72.12,5
11890616-00b1-4031-8c16-83ea7648c4bf,90.39,10
41174ee9-42d5-4869-88c9-5a5bf0e8ea4c,64.40,2
41174ee9-42d5-4869-88c9-5a5bf0e8ea4c,70.88,3
2a77d7d6-27f6-4424-a77e-2187b174204f,31.62,3
f2feec83-e95f-4d1c-8333-00e06a5da615,27.39,0
4e989bd0-c33b-4866-8b7e-f95818bc5092,50.18,5
4e989bd0-c33b-4866-8b7e-f95818bc5092,96.52,2
4e989bd0-c33b-4866-8b7e-f95818bc5092,80.13,4
51131eda-9bac-430a-ad1c-6327994a3ee2,24.68,10
3538852e-f6c7-427c-842f-f5464187d933,44.97,5
91703081-7fb3-4510-982e-d2d3cd95b4d1,40.00,2
34364bf6-fa23-494d-ac7f-43e33635bde6,88.82,9
ed9688dc-5188-4340-b8c1-e6416d8d82ed,72.00,5
ed9688dc-5188-4340-b8c1-e6416d8d82ed,46.67,5
ed9688dc-5188-4340-b8c1-e6416d8d82ed,3.86,4
ed9688dc-5188-4340-b8c1-e6416d8d82ed,0.85,1
9f2f4cb1-5b7a-40e0-a1d9-c9249f6cab24,72.26,9
f34a27ed-63a0-4ebb-b8d3-f4183705f182,5.24,3
ad04160d-67f8-4582-9898-2d21c873004e,67.83,6
84de9e21-332f-471d-9b6f-6f8686b61af7,51.96,2
9d40533b-09d0-4178-acf9-6f426c4342e1,92.21,4
9d40533b-09d0-4178-acf9-6f426c4342e1,29.91,9
2485c787-c9ad-418e-9334-ba946c338cef,40.46,6
2485c787-c9ad-418e-9334-ba946c338cef,8.53,9
d5b88253-2173-41df-b765-23d339481219,49.13,3
4944cede-e298-40eb-a692-41055a0f8d9f,63.27,0
4944cede-e298-40eb-a692-41055a0f8d9f,34.74,9
4944cede-e298-40eb-a692-41055a0f8d9f,62.01,10
4944cede-e298-40eb-a692-41055a0f8d9f,36.61,0
2f28fb55-7318-4f2b-8a3c-214681ec6bd1,42.09,10
ea21e833-3178-4419-b67a-0e4a3903adcf,45.20,7
ea21e833-3178-4419-b67a-0e4a3903adcf,59.76,5
546aa294-7c8a-4b9f-9a69-8b0a42dc06ad,54.44,3
546aa294-7c8a-4b9f-9a69-8b0a42dc06ad,34.12,1
546aa294-7c8a-4b9f-9a69-8b0a42dc06ad,98.57,7
04fa1343-1fc7-419a-8880-b959c6e4457f,37.40,2
04fa1343-1fc7-419a-8880-b959c6e4457f,75.34,2
f341218b-5f8a-4ae9-a8cf-883795c7bb7d,77.02,0
0747db4f-68ed-41ca-a1c8-206de7d8c0fb,76.06,10
9c78102f-2aee-425b-8e5c-c0063de30662,15.41,9
9c78102f-2aee-425b-8e5c-c0063de30662,15.57,7
9c78102f-2aee-425b-8e5c-c0063de30662,55.64,4
a4c38059-e97c-4bdb-8e49-b89a49f16810,40.58,10
6c2947d5-897d-4b1b-8b14-507185c0c45e,86.02,1
6c2947d5-897d-4b1b-8b14-507185c0c45e,33.43,5
6c2947d5-897d-4b1b-8b14-507185c0c45e,68.21,5
779707cc-22eb-48ef-b552-1f766f9057bc,45.39,4
779707cc-22eb-48ef-b552-1f766f9057bc,41.67,6
a3a1d242-707f-49d8-84ab-85d7c72b908d,40.55,1
a3a1d242-707f-49d8-84ab-85d7c72b908d,56.98,3
a3a1d242-707f-49d8-84ab-85d7c72b908d,95.63,2
c3431563-1122-41f2-b971-f979fe8ad104,66.71,3
c3431563-1122-41f2-b971-f979fe8ad104,45.67,5
f7129595-1b91-4059-83fc-a36d9a667934,58.95,6
9ebda8c1-9681-4bfc-9411-251e43dfaf19,63.83,8
39d33986-e25b-4162-a622-34c592decf7b,5.83,6
39d33986-e25b-4162-a622-34c592decf7b,90.28,7
57edf880-5c70-4aa1-b82b-cc910145a270,47.73,10
55b965f9-c5f0-4eff-a341-abd86cdf9cc5,83.04,10
afc8562e-7561-4c47-8ae5-fe3be10c717e,9.57,2
183cb325-dd9b-4b1f-ba4a-e917f8d85a73,3.44,5
627c6ac7-0da0-4393-9882-fadede2f38d9,74.86,2
627c6ac7-0da0-4393-9882-fadede2f38d9,55.24,9
627c6ac7-0da0-4393-9882-fadede2f38d9,62.04,0
45022499-8ae8-4aa7-b8c5-8a4a75ba28c2,97.12,7
10eb3e1d-aa1b-4a0b-846d-a76caae2ff42,86.10,5
98a9b478-4e03-45b2-9b50-dfc55a9ede87,56.79,2
bc474e12-091e-43e6-84ea-0f2e42290794,73.25,4
db42b6a6-541e-4720-b572-f10a31518a12,62.49,6
db42b6a6-541e-4720-b572-f10a31518a12,11.93,4
db42b6a6-541e-4720-b572-f10a31518a12,86.79,10
a10c654f-e003-46ce-adf2-13c187c394ba,63.24,3
a499fdc1-14e3-40a7-b2af-3032084efb6a,91.28,7
a499fdc1-14e3-40a7-b2af-3032084efb6a,79.60,4
d7beadb1-019f-4b2d-9f7e-e9398f720fef,64.75,8
d7beadb1-019f-4b2d-9f7e-e9398f720fef,51.12,8
bbc2884d-6fc1-4745-a11f-4c703c0da990,0.58,10
a670ad91-cf2f-4e70-ad77-a7e1c73f8888,90.23,8
06677839-c032-43a2-8fa6-e074ee72664f,21.96,6
55ca9903-0253-450d-ab45-49ab18e1da61,61.88,10
55ca9903-0253-450d-ab45-49ab18e1da61,36.47,4
dd70979d-18bc-47e3-be3b-4cdb023f77ba,24.74,9
685ec2bf-1d29-43dd-a225-9b5f674ce2f5,80.65,6
6a796fe3-a6ce-4073-9ccc-4e0e2a0a0453,32.34,3
6a796fe3-a6ce-4073-9ccc-4e0e2a0a0453,9.48,5
87d929d0-63e8-4cf8-b96e-553a4aba42d0,19.77,5
f77a7137-3e0c-429c-8507-3cd083bfdfc6,78.56,10
37552e6e-ee1e-42ec-a23f-ba6c5d821e74,38.80,6
507002e5-a564-47c4-bbca-3a01ac5ac79f,4.23,6
27680cbb-9ace-4a3f-9991-d140e7f59c5a,77.35,0
27680cbb-9ace-4a3f-9991-d140e7f59c5a,54.05,2
b741836f-5b14-4db3-89f6-21aa29f2a55f,4.72,4
b741836f-5b14-4db3-89f6-21aa29f2a55f,48.14,10
b33def98-e0d0-4986-b2f8-4200a5019ef2,67.33,0
7b01dd8c-6290-49e4-8a8e-9c6f7b5e5236,12.22,7
7b01dd8c-6290-49e4-8a8e-9c6f7b5e5236,53.53,7
785ef1c6-c665-4975-a203-eede3548b478,61.54,10
38cf3afe-672c-4348-8d40-fac66f8efa11,56.68,5
38cf3afe-672c-4348-8d40-fac66f8efa11,61.92,7
34a5ea8f-6431-42e4-8958-6ebed46b2d76,92.90,2
b6553819-e4c6-4134-b825-796599eb8aa4,64.97,0
10eb0400-57cb-4404-a75f-633a270f0541,83.27,8
10eb0400-57cb-4404-a75f-633a270f0541,90.29,5
0d2d5be6-80d4-4318-b5e2-32e79d70e21d,91.49,5
5ab5b1aa-f569-40a2-b26d-53a5e73e9ff2,52.65,9
5ab5b1aa-f569-40a2-b26d-53a5e73e9ff2,59.86,6
f4147580-56e7-4983-9075-cc606d9cc28a,86.17,2
2ecb044d-2653-41d9-8627-45871a22e3ba,99.69,8
2ecb044d-2653-41d9-8627-45871a22e3ba,11.21,8
5961b730-d098-46e0-9a07-ebd25b3e3846,98.41,0
5961b730-d098-46e0-9a07-ebd25b3e3846,74.30,4
2633429d-032d-4113-bec6-4049d1f0d877,90.36,6
2633429d-032d-4113-bec6-4049d1f0d877,57.58,0
2633429d-032d-4113-bec6-4049d1f0d877,27.15,9
e5d04ae2-56b9-4567-92e8-c2277bc076d5,83.86,4
e5d04ae2-56b9-4567-92e8-c2277bc076d5,8.01,6
dc8a6ad8-2e88-447c-a986-d841bbefb227,25.76,2
6d3066fe-fd75-4f9c-b329-f2d01f14f8ee,66.80,10
1d542754-bdfd-4318-9c23-8042651c57ca,2.33,9
c81f603c-4420-428a-9770-e4588ed2051c,27.13,9
c81f603c-4420-428a-9770-e4588ed2051c,72.07,7
56482007-af41-4d7a-bb55-83cfd13173b5,65.25,5
91c53eab-1fab-4214-a8d3-89a6367a67cb,12.35,8
08d49d68-e3ec-489d-bfa3-9b00d21be726,9.58,2
1795e169-d6a9-4dee-91e0-76c76a1805a4,68.22,6
fe872804-e69b-44bc-9651-be36fc1762a2,62.92,9
fe872804-e69b-44bc-9651-be36fc1762a2,93.91,9
f0211d47-3627-40d7-a969-e124426f1d9e,51.69,2
797fef1b-bf0a-4f3a-aa2d-cb67e2d8228e,89.02,10
32c3d452-9009-472c-bf0c-da75656283e5,82.94,10
408dae31-fd6e-43be-9eb7-77560829b0dd,3.35,4
408dae31-fd6e-43be-9eb7-77560829b0dd,50.30,5
92e2097d-82f8-4f40-938d-385918d7e1c3,27.73,2
86a77cff-6453-4af5-95af-70bc173b1bee,38.45,2
4032f22a-1b3f-4377-b524-6474666a59a2,51.68,1
d018a828-7ba1-4ff9-9c69-32f0965d13bb,48.77,4
d018a828-7ba1-4ff9-9c69-32f0965d13bb,45.61,7
2e5f615e-bdee-452c-bb20-d5abd7557f40,8.47,4
1a45d723-94eb-4ae7-be2a-f537b8116817,54.02,3
b1643370-4797-424e-9967-cfcfdaa270a2,71.37,3
b1643370-4797-424e-9967-cfcfdaa270a2,35.01,10
01433d12-a914-4b8d-ac8d-de66a3cf1031,43.62,9
4cad5686-8055-4e25-b8d4-618e346745bd,42.65,6
55a39eab-ff57-4eec-b675-98b0db1915d0,13.84,5
55a39eab-ff57-4eec-b675-98b0db1915d0,81.95,2
43a963ba-df65-422b-900a-2fd35f523284,57.13,6
4b8d0d28-d832-4113-9613-343c5e39a368,54.60,7
ee995f2c-ef9f-49e9-b24a-c2914284eafe,9.03,2
1d41a3f2-41be-418e-bc61-4f2e31c2ad75,83.61,6
d9d4cd9e-f0d5-4375-b7af-27fcb2183ecd,71.71,9
496a4c5f-9eda-446f-b15b-737511f91736,83.98,9
22b8fa6d-8e6d-414b-a128-e9af04bfd2b4,34.88,3
22b8fa6d-8e6d-414b-a128-e9af04bfd2b4,44.07,6
22b8fa6d-8e6d-414b-a128-e9af04bfd2b4,0.85,0
22b8fa6d-8e6d-414b-a128-e9af04bfd2b4,28.47,3
9edef62e-e49c-4088-bdf7-de3516ebeb1d,32.56,9
d087688f-03b0-4142-8a2d-54d179207e73,4.54,10
a64c8e96-7b36-4eeb-9308-ff78666de32d,72.38,5
ace48fa2-17e3-48b8-bc7a-65325ffef854,53.75,5
0f9a311e-8c67-4bcb-a553-831ab1187f82,79.19,0
ba2b46e9-3809-4cd1-91b6-6da6832fcb84,87.11,10
56d51a67-d488-40c9-a384-df6639b1e0b0,80.88,0
56d51a67-d488-40c9-a384-df6639b1e0b0,69.41,9
d6e76e39-9bea-478f-bff1-10e876a3e009,72.34,7
8e0f6028-fc28-4987-b52d-4bf242774a2b,41.98,9
8e0f6028-fc28-4987-b52d-4bf242774a2b,94.45,9
586d3830-42ee-4ed1-9d90-187d7e6e5f82,4.30,2
ed088aa0-8c66-4439-a0b1-6da4f5e6452a,66.59,7
ed088aa0-8c66-4439-a0b1-6da4f5e6452a,63.28,0
e7a6fed6-6f93-436c-8a7e-1b1f0b419e22,74.03,8
e7a6fed6-6f93-436c-8a7e-1b1f0b419e22,69.95,5
491d541d-9a8d-4fb2-b4e2-0b0b42b5d9e6,40.18,1
491d541d-9a8d-4fb2-b4e2-0b0b42b5d9e6,7.28,10
b2c8a6c5-5589-4274-9175-7e061d4e1ee5,65.24,0
24383620-8a79-46f2-952d-434ecbc1b1e3,96.99,5
70014249-8cec-4a30-a5b6-4908525a4635,8.76,7
2dd6265c-3e1a-4b82-ab71-b2c55bb9ea12,71.53,3
0bc291ba-d6de-463f-b286-3eb95ca98e5f,52.54,1
cb4ed83c-1a21-4122-bcaf-352e133538e3,66.61,1
b6e6de9c-b9ba-46bd-8ac4-80c71c439b2e,71.27,10
b6e6de9c-b9ba-46bd-8ac4-80c71c439b2e,27.55,10
5b5c0203-939d-4dda-93bd-c3836bd239fd,29.72,0
776984d5-551f-4585-b191-d9f46fb27826,27.12,6
776984d5-551f-4585-b191-d9f46fb27826,59.56,9
f477452e-696a-4543-ad67-10ab786c48fb,96.46,9
f9f0c9e6-74fe-4716-908d-a0a05d5f5a28,85.98,3
f9f0c9e6-74fe-4716-908d-a0a05d5f5a28,13.12,7
6990c979-92c0-44ff-a721-f518abc8fad9,43.14,3
45a1cfca-025e-4468-9bca-c81460939812,54.55,0
c4ceca92-dfa8-488b-bf63-2dcf0be81c18,37.14,2
c4ceca92-dfa8-488b-bf63-2dcf0be81c18,63.07,7
b136973e-e315-4a84-b729-87e10e558a03,84.92,6
1e5baf9b-480b-462b-b0ec-9e88f46a45c0,97.94,3
1e5baf9b-480b-462b-b0ec-9e88f46a45c0,58.01,1
7265c4ea-5204-4621-bdac-9c07f94fc800,75.55,6
7265c4ea-5204-4621-bdac-9c07f94fc800,24.91,1
2b4f14a9-5b40-4416-8929-635b9aa616bc,1.31,2
a621d437-1add-4b94-b3ba-4187d48d1ffe,16.25,7
82d79669-a652-498f-883a-2a2507f2f213,97.74,1
82d79669-a652-498f-883a-2a2507f2f213,51.96,10
d7327360-30fa-45b2-ad1e-2359a2a3ade9,45.35,2
d7327360-30fa-45b2-ad1e-2359a2a3ade9,22.25,2
58ce454f-3133-4d04-870e-b6d5667fc13a,53.30,8
58ce454f-3133-4d04-870e-b6d5667fc13a,88.77,7
58ce454f-3133-4d04-870e-b6d5667fc13a,58.76,6
54d71441-d4dc-4259-b2d1-502493e881cc,43.35,5
54d71441-d4dc-4259-b2d1-502493e881cc,83.75,8
54d71441-d4dc-4259-b2d1-502493e881cc,54.79,5
54d71441-d4dc-4259-b2d1-502493e881cc,15.61,4
a836513d-0782-4250-a116-b91ae25d90fc,49.22,2
a836513d-0782-4250-a116-b91ae25d90fc,85.26,6
a836513d-0782-4250-a116-b91ae25d90fc,39.20,10
a836513d-0782-4250-a116-b91ae25d90fc,83.48,0
97cb76f0-d1ed-457a-a8ab-cb84921ddad9,9.49,2
28cfb342-5448-43b0-8c1c-929c15d730cb,52.52,9
28cfb342-5448-43b0-8c1c-929c15d730cb,60.09,9
fcb39efc-a7a6-406a-94b4-62b6d058da1c,1.36,3
efde9fed-adee-4792-aefb-53fc7571c3f6,88.78,5
88781977-5033-4d24-9bff-9bc9782983ac,4.44,7
e7e596a6-c0e2-4ea7-ab21-21f1debf13b1,22.31,2
8b7380b2-0bfc-415f-9c7f-9c0eefc46627,94.19,5
7ad9fc60-86d6-4110-9ac7-3786ca7c1e07,19.36,3
7ad9fc60-86d6-4110-9ac7-3786ca7c1e07,63.84,7
9286bfab-7698-4130-9acb-179aab526b0d,53.44,8
47c2d0ef-ad77-4707-bae2-06ac7658ce48,43.17,10
47c2d0ef-ad77-4707-bae2-06ac7658ce48,31.92,4
2cf8d582-0e18-48b9-949a-ddd43cadd7e9,45.60,6
2cf8d582-0e18-48b9-949a-ddd43cadd7e9,43.54,0
4d4d5130-8fca-4b73-8bbd-24adc7da11c6,45.01,8
c5e4b89f-1b2d-48ec-8905-835eee3f309e,28.45,1
e9189e45-fa79-43df-9570-95c9190dfe32,79.84,6
0472d579-fa48-4df3-b1ec-eab7a31b2422,39.36,3
20100e50-cfa8-4592-96d3-4b5b98c07b21,28.44,4
20100e50-cfa8-4592-96d3-4b5b98c07b21,10.96,1
f1257365-3998-48b8-87d8-30fd42ecb4e0,37.68,9
f1257365-3998-48b8-87d8-30fd42ecb4e0,13.71,4
f56cc0ac-0aaa-40a0-bcc5-1aee44ed3f84,46.64,8
d7a1188d-03ae-4c3a-8240-5b3561364b75,29.78,2
d7a1188d-03ae-4c3a-8240-5b3561364b75,44.54,10
d7a1188d-03ae-4c3a-8240-5b3561364b75,19.96,1
41dbf5fa-68ef-4d74-be63-44a11bf49de0,98.03,4
41dbf5fa-68ef-4d74-be63-44a11bf49de0,32.55,7
ecc96df4-080d-4622-b46f-342e703e49b6,54.58,4
89165c24-fe38-4cea-86be-4a21f91414a0,7.19,0
c31a19ac-9903-4228-af01-e1321ec7807f,18.56,10
c31a19ac-9903-4228-af01-e1321ec7807f,32.21,7
c31a19ac-9903-4228-af01-e1321ec7807f,4.00,8
17727fdd-7c3b-442e-a2bc-82bb7169b396,99.30,7
17727fdd-7c3b-442e-a2bc-82bb7169b396,91.82,3
8a966bb3-9bca-4609-861f-f15abff72bf7,36.36,10
318f8411-3da7-4388-bdb9-e40cf147137a,75.67,2
318f8411-3da7-4388-bdb9-e40cf147137a,38.13,4
47e64532-02be-4a26-a66c-84ecb9007fc8,29.01,10
7c7a1065-8125-4879-9479-4bf9ac9f5eb7,1.20,7
da8c6893-edee-4b45-b894-a5e1c1ccc964,3.46,4
b04d66ed-688f-4a63-80de-023c74450eab,92.37,4
c9138b5e-4215-4ca3-9c96-8f2560543124,94.30,4
67f8b9b3-1b94-449b-b5f6-83ebd81aa26e,73.22,3
67f8b9b3-1b94-449b-b5f6-83ebd81aa26e,65.92,0
e7c01f65-3ca0-4cde-a9ce-6e44d13eb2fd,99.14,4
3d2aa222-3385-4b76-82cf-cc553acf5165,96.99,9
bb455ab9-572d-44e5-8fbd-bc01d03056be,23.95,7
6aa42fb2-4592-4127-86fd-d7dd5ceb640e,26.97,1
6aa42fb2-4592-4127-86fd-d7dd5ceb640e,3.76,6
e1a949a7-50dd-4922-8c35-dfb9f633df66,15.76,1
7d75aff2-e3a9-45e2-ad45-7bd322b46e23,12.42,1
7d75aff2-e3a9-45e2-ad45-7bd322b46e23,66.64,1
57d41f0e-57c6-49e1-8478-a25ecd105772,5.98,5
c393ab05-464f-4e6b-ac38-1f84759c2588,55.59,2
c393ab05-464f-4e6b-ac38-1f84759c2588,57.09,2
d407fcec-9025-4b94-9e3a-6529e71ea115,81.13,3
2979ac69-a70c-4b9b-b880-a41697a64545,0.30,0
2979ac69-a70c-4b9b-b880-a41697a64545,63.42,5
94673572-096f-4d5a-8882-25e98328952e,42.95,7
94673572-096f-4d5a-8882-25e98328952e,15.18,10
94673572-096f-4d5a-8882-25e98328952e,46.03,6
94673572-096f-4d5a-8882-25e98328952e,26.57,4
94673572-096f-4d5a-8882-25e98328952e,70.16,2
65af86ce-33e0-43d3-9a25-90ed0ac80d64,58.31,9
65af86ce-33e0-43d3-9a25-90ed0ac80d64,33.83,7
2af4b78f-3ce5-421a-8ca7-bc9f185d9c78,73.05,3
d5d7159a-33f6-41c3-8f2a-5be20df0f73e,80.04,8
7ecdb378-5933-45f5-bd98-91131e2eb9df,35.16,9
68ddc137-73b1-4707-9598-34a37290cc16,15.00,8
66fb4b9a-3de0-4ce3-a1d3-9088c1a3c744,42.26,6
66fb4b9a-3de0-4ce3-a1d3-9088c1a3c744,80.60,2
819aa078-1171-4d79-a3bd-3ed9d793488c,68.94,7
d1dbd938-408b-4a04-ab54-2c074b3f7c5d,44.68,6
0ae7ceed-bc15-4ac8-a2b6-921b95e196eb,41.53,1
b46b205b-ff3e-4b49-801b-21b5c1e6c284,82.97,5
b46b205b-ff3e-4b49-801b-21b5c1e6c284,79.71,9
b46b205b-ff3e-4b49-801b-21b5c1e6c284,18.10,3
b4895e58-0490-4f87-be20-dc556ece5131,87.51,1
95f7144e-88e3-44b5-9176-9582c8ff87d1,52.87,0
95f7144e-88e3-44b5-9176-9582c8ff87d1,84.38,5
b3785b87-cf00-46f9-acc3-fbf44e91b9cb,91.11,7
b3785b87-cf00-46f9-acc3-fbf44e91b9cb,5.48,5
15512c09-b50a-4dbe-8f96-dbbd02da591a,87.45,4
58831038-1d70-4f98-9141-5d3d599748a3,19.84,5
58831038-1d70-4f98-9141-5d3d599748a3,31.02,10
58831038-1d70-4f98-9141-5d3d599748a3,57.29,9
b1301323-8bb3-4c12-abba-2e0991177608,45.13,5
b1301323-8bb3-4c12-abba-2e0991177608,66.24,1
11ed8b21-d098-431f-9805-0af81a632d05,47.15,1
11ed8b21-d098-431f-9805-0af81a632d05,64.20,1
bc513d1c-972b-4711-b382-79efce349fa1,25.86,3
3834cdf6-be89-4d60-9347-1f9dd3999a3c,40.34,5
3834cdf6-be89-4d60-9347-1f9dd3999a3c,46.12,4
3834cdf6-be89-4d60-9347-1f9dd3999a3c,34.91,5
f2ee1024-3566-4b46-b3a9-c33f8c3e8851,86.67,4
f2ee1024-3566-4b46-b3a9-c33f8c3e8851,61.44,0
415a5127-6fd6-4905-832a-bf3c0e1c648a,43.67,9
062470d3-a699-41b0-aee1-78bada8f670f,13.36,9
10efbe36-b0ed-4295-89c1-268c562145b2,22.00,8
1a2227fd-1ea1-43a7-8cc8-d3f91e8cd014,26.26,5
623846ee-e12a-422e-ab48-931e61eaaa27,55.41,6
60829326-c27f-420a-9bbb-c3b3e0b8569c,23.40,8
60829326-c27f-420a-9bbb-c3b3e0b8569c,44.45,2
60829326-c27f-420a-9bbb-c3b3e0b8569c,63.20,9
bbf886d2-bfec-45c8-bc71-a196b2718171,74.01,2
bbf886d2-bfec-45c8-bc71-a196b2718171,74.18,0
98b33211-8312-4788-b54e-230f26c96365,62.89,6
18b2c9e1-4b41-4728-b5e6-7a0846619928,6.47,6
18b2c9e1-4b41-4728-b5e6-7a0846619928,25.37,6
b589708e-32f4-46e2-897c-e949e325a24b,89.41,9
cfda4aa0-c2ac-41ed-b23a-02d2f917ff35,34.56,10
c003a502-87ed-4d9f-a237-93c23f64942d,58.12,7
c003a502-87ed-4d9f-a237-93c23f64942d,12.48,7
c003a502-87ed-4d9f-a237-93c23f64942d,88.07,10
4f491bf0-9058-422d-a463-08125c7f815b,32.91,8
4f491bf0-9058-422d-a463-08125c7f815b,42.56,10
d10d2b3c-f392-4144-802d-a07da570fd93,77.54,8
26d02375-bf1d-42d2-be31-7df953d130c8,18.39,6
26d02375-bf1d-42d2-be31-7df953d130c8,74.32,7
9745588e-aaf0-4c0d-9b04-c63b6b451802,67.58,10
612ac980-3ec8-4f6d-86eb-4057a00cc901,74.25,5
612ac980-3ec8-4f6d-86eb-4057a00cc901,76.50,2
aa23296d-68ee-437d-a07c-dda2497d4da8,35.07,6
fc28f3d2-4d24-4c2b-896e-c38682874930,42.46,3
6f22ab53-833e-443c-9324-ceb7381686af,0.01,10
28e9b75f-d4d5-4e08-9dc9-53becf43387e,25.65,7
28e9b75f-d4d5-4e08-9dc9-53becf43387e,32.59,9
0b7514df-eb33-4451-876e-03d458086b8a,39.43,8
0b7514df-eb33-4451-876e-03d458086b8a,96.15,9
6c1a2cd2-652e-45bc-8bf1-6b48b0cc9a7e,45.45,0
dd5381dc-bf2c-4109-a5b9-8c28cc476fad,52.03,5
dd5381dc-bf2c-4109-a5b9-8c28cc476fad,72.43,10
dd5381dc-bf2c-4109-a5b9-8c28cc476fad,1.37,2
ced3857c-254d-4b74-ab5b-be7f8f3ab5b4,56.60,7
2806457a-c87f-4bec-acd6-fdc29932161e,52.84,1
a2ded782-14a1-4eea-9390-0f2167628e65,55.74,6
a2ded782-14a1-4eea-9390-0f2167628e65,20.71,10
a2ded782-14a1-4eea-9390-0f2167628e65,98.18,5
8fcf6ab1-f1d8-4662-b243-cd95b7a5e4e6,69.45,1
ee94116f-a458-44af-9fdb-12e184e3600f,74.88,2
4a9f8832-3065-495d-aa39-312319949e36,21.52,7
ae7eaf88-830e-44b6-a550-b83fc428a342,16.37,4
8c0bc444-3b86-4707-963b-11ad5d695cdb,67.51,7
ab66ba2c-87e8-4563-8f3b-51ee768aea47,16.21,0
90976b71-d7b3-4fa6-becf-9f417b6ead33,77.26,9
90976b71-d7b3-4fa6-becf-9f417b6ead33,11.47,7
4da9f5d7-9695-4e5c-b590-828000be3ecb,19.63,7
4da9f5d7-9695-4e5c-b590-828000be3ecb,40.16,6
85401212-b2c5-4844-93e0-e61de8300cb6,46.78,8
85401212-b2c5-4844-93e0-e61de8300cb6,73.75,6
85401212-b2c5-4844-93e0-e61de8300cb6,20.95,5
b1c26f21-fbbf-423b-8f8d-631964199d69,93.52,0
92850b27-0644-4436-918a-f8c2287c3561,86.88,9
d1ec110d-dd34-4ae3-a5ff-b23646f35444,88.15,1
d1ec110d-dd34-4ae3-a5ff-b23646f35444,4.63,10
f9709409-dfc7-40b8-b353-137fd26c4b53,74.15,5
591b0cfb-7f47-424c-baea-f3ef2f5e3d9f,2.72,1
591b0cfb-7f47-424c-baea-f3ef2f5e3d9f,87.34,2
591b0cfb-7f47-424c-baea-f3ef2f5e3d9f,19.64,10
159e9453-c7af-4b20-a216-82a0c77c93f5,62.67,9
4f6c2c02-4e4e-417b-8fb7-ecb309462515,28.18,4
ecc48023-3fed-4625-a216-b855d5624109,11.68,10
ca0058b3-4781-4b03-a347-fd532b6c7a83,26.26,8
1ac6e6f1-ab32-4112-834b-83b9225da518,32.52,4
af6c0bd4-290a-4af2-bd90-c2dba87fb6eb,2.93,0
af6c0bd4-290a-4af2-bd90-c2dba87fb6eb,89.07,7
ba800ed5-4be8-4986-818a-864d4326da8d,49.40,4
ba800ed5-4be8-4986-818a-864d4326da8d,74.52,1
0f72d7f1-1a6f-4412-b680-4b67a88d6e4b,65.27,0
a2b25d61-0aff-4b26-a66d-41b33568ffd1,44.24,5
a2b25d61-0aff-4b26-a66d-41b33568ffd1,86.16,5
313438c8-b6a7-47ea-93f5-76bf811a5b9e,2.36,4
313438c8-b6a7-47ea-93f5-76bf811a5b9e,33.55,5
31647573-6106-48ca-aa71-bf8fdee7f844,37.10,6
424b7bdb-71e5-4cc5-9d90-3f5217e35324,93.07,4
ce26c835-dddf-4e21-ad66-58cae3ebe6d7,6.08,9
ce26c835-dddf-4e21-ad66-58cae3ebe6d7,78.37,9
b93cd89c-7270-4dad-b037-5f8377dee3e3,8.41,5
b93cd89c-7270-4dad-b037-5f8377dee3e3,38.67,6
9fdde3d6-5af4-458a-937b-bd1439126328,58.39,6
00f16389-ab6f-4f02-a832-507509208d47,79.85,6
02fb5e63-af9a-4ca2-bed8-f5d4313c74d2,90.30,9
77ca7567-819b-4951-ba6e-2d33f525f173,34.65,4
77ca7567-819b-4951-ba6e-2d33f525f173,55.71,8
7adc06e7-393a-42e6-ba9a-f24bc20981ac,53.63,0
f1418819-531b-41bc-90f7-88740a1ea67c,18.60,5
f1418819-531b-41bc-90f7-88740a1ea67c,8.79,10
f1418819-531b-41bc-90f7-88740a1ea67c,10.10,1
d9257295-f040-4730-952f-8df3e748096e,70.66,7
d9257295-f040-4730-952f-8df3e748096e,13.18,1
d9257295-f040-4730-952f-8df3e748096e,83.37,5
14a12876-c79a-4391-92da-b8a813f8e3c6,76.58,4
142d60d0-0157-4da3-8dbc-2c77013f97ca,78.65,10
142d60d0-0157-4da3-8dbc-2c77013f97ca,62.65,1
e4c0bf06-51f4-4015-b390-1b69f3c42f6d,66.22,10
828bcd11-2de1-4126-84f0-d8b2d285cab0,48.87,9
828bcd11-2de1-4126-84f0-d8b2d285cab0,3.80,1
d416aa2e-21fb-4bb7-95ef-ee30a1e9f14d,75.95,5
d416aa2e-21fb-4bb7-95ef-ee30a1e9f14d,66.90,0
b6a563bd-c2eb-4ce9-b55a-547d5278d9ad,76.03,0
b6a563bd-c2eb-4ce9-b55a-547d5278d9ad,41.31,0
b6a563bd-c2eb-4ce9-b55a-547d5278d9ad,45.19,0
b6a563bd-c2eb-4ce9-b55a-547d5278d9ad,58.71,2
e7439ef3-195f-4eed-a2cf-f12fff1fb32d,44.78,0
e7439ef3-195f-4eed-a2cf-f12fff1fb32d,17.45,10
11cc356b-7f7f-4fc3-bf72-55ab66ebdb1d,83.38,4
8b1f3d8c-5287-42c7-960c-fa04f63c6dff,99.73,0
f3fbdb02-3c13-46c3-9ecd-edf45081caa6,89.04,3
92786fcc-84d3-4661-bc62-7d712114f659,18.93,5
92786fcc-84d3-4661-bc62-7d712114f659,54.22,0
4c336b2e-c472-44ec-86c4-432bc62c1fc2,49.15,6
2833b598-1f1e-420e-b9e0-62a575f493e3,1.22,8
2833b598-1f1e-420e-b9e0-62a575f493e3,34.63,5
2833b598-1f1e-420e-b9e0-62a575f493e3,75.27,5
8fd96e83-f96d-482b-9e1a-6c1479f34820,96.39,7
4597b4f6-d70e-4bdd-9e42-f36e68100374,59.81,6
c07a336c-c7dd-4624-8a19-036b587b118b,74.65,10
c5921683-9fd1-4127-ba30-5ae4dde9e619,98.95,6
9d6c9ca5-9d33-4de3-aefd-423f9ce08dd0,62.50,6
9d6c9ca5-9d33-4de3-aefd-423f9ce08dd0,89.76,7
fafd6991-04c1-4e63-9a96-477f0242cf32,44.77,7
fafd6991-04c1-4e63-9a96-477f0242cf32,89.79,9
e9dd2723-e410-4c47-963a-945e66e2129a,24.22,5
ce99fca3-035e-4ba5-b99b-e34c39656b66,20.53,4
ce99fca3-035e-4ba5-b99b-e34c39656b66,75.02,2
081a44af-0619-4b72-b403-234a403e0251,29.65,7
1d900814-b467-4765-ad8a-13e0ab94f6b5,8.29,0
1d900814-b467-4765-ad8a-13e0ab94f6b5,91.69,2
7293d765-97b3-4aeb-9a87-a4ddd7d48139,18.14,8
7293d765-97b3-4aeb-9a87-a4ddd7d48139,40.77,8
61e3eb21-282c-4103-b6ca-786ca002b2f1,70.11,7
062c01f1-e932-4f7d-a585-463a2004d582,3.21,9
70c341c9-f1a3-406b-9bcf-299cab57c6fe,83.44,1
1d0c4af4-1ab2-47b1-83b8-54fee859c0a7,58.88,1
1d0c4af4-1ab2-47b1-83b8-54fee859c0a7,2.05,10
15689b27-7f70-47ff-a86c-465e898428e0,52.24,3
33fc3f0e-28c2-4aa6-a468-967e63384f2b,13.77,7
dcba3588-1292-4d7f-84f2-8d0b4cd014de,0.66,1
dcba3588-1292-4d7f-84f2-8d0b4cd014de,15.95,9
5938de3f-3a00-4873-917a-78c1e2a93ca3,52.17,2
5938de3f-3a00-4873-917a-78c1e2a93ca3,52.26,10
48603075-a7f2-4413-b890-358969d4773f,3.40,5
79f43fcb-2ba8-4ee2-8952-a4b6156897c6,75.32,6
79f43fcb-2ba8-4ee2-8952-a4b6156897c6,43.41,1
79f43fcb-2ba8-4ee2-8952-a4b6156897c6,67.01,3
91875b73-b17e-4d53-bbee-fc01f158345a,40.03,2
91875b73-b17e-4d53-bbee-fc01f158345a,14.63,5
c30f1fd9-109d-44f7-87af-269b0fc4c624,59.00,1
ec234791-2dce-48ae-b061-2b286c3e84d3,67.32,3
64490ca5-7295-41e7-873d-ad00c5c43e34,71.17,10
64490ca5-7295-41e7-873d-ad00c5c43e34,16.05,4
64490ca5-7295-41e7-873d-ad00c5c43e34,28.67,6
64490ca5-7295-41e7-873d-ad00c5c43e34,42.17,6
350916c9-254e-45ae-be9b-fc67b9dbc1a9,14.76,1
33f3c308-7eb6-4127-b9f2-8063f3fc6d9d,60.23,4
0f2567b8-0cb0-443b-b97b-f670949d0db5,24.22,7
0f2567b8-0cb0-443b-b97b-f670949d0db5,93.55,9
cc7e0627-d98a-4780-baf4-b8dae36bb43b,78.27,2
d3260224-c355-4bd0-a5af-f8c823c333b7,23.95,7
da43eb12-1ea4-4824-a85f-7fa2653f5626,44.35,1
ecae7e3d-393e-4a26-9d04-b78a1a69bab6,66.40,6
040b1305-f408-44e6-98ce-17624c143b22,67.29,6
040b1305-f408-44e6-98ce-17624c143b22,34.68,0
23c0c36d-2af7-4fe2-89c5-07303fb72438,75.30,8
ae7b30e9-7eb1-42d7-9f41-28994cec1d5e,17.84,6
c104e820-a53d-447f-9d27-f1ac79185b8a,1.96,2
c104e820-a53d-447f-9d27-f1ac79185b8a,36.19,1
1791c510-5f19-4129-aaa4-df5d4440b209,36.27,9
1791c510-5f19-4129-aaa4-df5d4440b209,39.19,0
1791c510-5f19-4129-aaa4-df5d4440b209,80.47,5
44e1e4ea-9e92-43e4-9841-7fa91c11a134,55.23,2
44212102-fb7a-4bd0-bf78-b707097bef61,11.27,7
44212102-fb7a-4bd0-bf78-b707097bef61,44.18,7
4e000cd1-13c8-477e-98f8-079115820ac5,47.10,9
7de3bdba-720b-4b71-9673-3a646c547745,84.46,3
7de3bdba-720b-4b71-9673-3a646c547745,35.53,9
7de3bdba-720b-4b71-9673-3a646c547745,39.97,10
259670e7-fe87-4030-a614-72b73f116a45,95.65,1
440062f1-775c-4503-a2a9-a54b04a58751,91.96,9
440062f1-775c-4503-a2a9-a54b04a58751,56.77,3
86b3e850-5a25-49c1-89b0-276b1f820605,89.39,10
86b3e850-5a25-49c1-89b0-276b1f820605,46.25,8
86b3e850-5a25-49c1-89b0-276b1f820605,66.52,6
92ba94f9-51b2-427e-bdee-06e775d82f9e,27.50,3
92ba94f9-51b2-427e-bdee-06e775d82f9e,59.90,2
180c670e-f939-4e6c-94b7-6be41d68c795,65.62,1
180c670e-f939-4e6c-94b7-6be41d68c795,31.09,2
58e4dbdf-3abc-4e1f-9824-c7beee286426,45.35,1
3775a36e-d92b-4f09-a5bb-5657f508c0b8,10.40,0
3775a36e-d92b-4f09-a5bb-5657f508c0b8,61.72,4
3775a36e-d92b-4f09-a5bb-5657f508c0b8,75.03,0
0c0eb996-a3b8-456b-b95a-43af4bfe9f9b,55.07,8
a17ec362-d521-493b-8660-2c37941641d1,73.96,5
a17ec362-d521-493b-8660-2c37941641d1,52.47,1
0d2eb110-cb99-4183-90f5-c165061683e2,31.39,8
cee824fc-ba5f-4b1b-9e28-1d1acd1dcf50,43.28,1
cee824fc-ba5f-4b1b-9e28-1d1acd1dcf50,63.05,3
826c5a07-2e1b-4bb0-aafa-f69a80606236,79.38,2
826c5a07-2e1b-4bb0-aafa-f69a80606236,8.98,7
90603984-af01-453a-89f0-8dd9ec9f3ab7,52.38,0
571066d8-520a-4290-87ed-4f6ed7f95f5e,32.69,5
b7a5d09e-17b3-4abc-bcc5-c2210217e042,25.71,4
b7a5d09e-17b3-4abc-bcc5-c2210217e042,2.64,10
592c756d-087d-4e4a-8380-03b9feb33918,7.48,0
592c756d-087d-4e4a-8380-03b9feb33918,73.05,1
592c756d-087d-4e4a-8380-03b9feb33918,47.75,1
3b77d629-d2da-4438-8ce7-dd964207a9b1,16.89,0
7cf2016d-5ae9-4dc3-ae8d-749742a0582d,24.60,7
0ea9e777-7a81-414d-9046-5c6676b4d11a,33.43,1
0ea9e777-7a81-414d-9046-5c6676b4d11a,68.56,3
8e59f36d-b630-409d-9584-aa475dc59b5d,83.89,5
f5b77404-a378-4b3c-b4be-67b89ec43a82,53.62,9
454c3e0c-31e5-4808-a895-ec90321cd189,64.12,0
7573f1d5-d0b7-43a2-bc83-b018e9ab419d,94.18,0
7573f1d5-d0b7-43a2-bc83-b018e9ab419d,81.25,3
d9a42dca-85d5-4d35-ba45-e76c3586a6d1,64.42,0
2ebae0fa-2ca3-4093-aff8-5b5fcbc3e919,19.56,6
644f8810-5e9f-4f08-9f95-4a3abaa61b5f,58.58,10
a9babba4-6989-4882-a225-330cd8b867e0,11.97,9
a9babba4-6989-4882-a225-330cd8b867e0,16.86,2
5c716cf2-f324-42be-9660-9d5e82413056,84.59,8
5c716cf2-f324-42be-9660-9d5e82413056,34.93,2
5c716cf2-f324-42be-9660-9d5e82413056,56.99,7
5c716cf2-f324-42be-9660-9d5e82413056,94.78,7
5c2e08e4-3cf5-413e-b0f3-bbb796ec8b5d,50.54,2
5c2e08e4-3cf5-413e-b0f3-bbb796ec8b5d,56.77,3
5c2e08e4-3cf5-413e-b0f3-bbb796ec8b5d,30.80,7
7a6dca01-c501-43cb-af04-9f5ca9d5df4f,46.92,3
c54ee8c7-e192-4592-b67f-b77186c361f9,8.82,9
e62cf1c1-5014-4c1c-81b2-8523b30f39bd,94.88,5
4da49e16-37a8-4708-a155-73d0b080e3f1,73.08,4
961ec7b0-72ec-46ba-8ada-f25dbc79f73d,18.97,4
961ec7b0-72ec-46ba-8ada-f25dbc79f73d,24.11,2
809049e9-ebe8-44c5-95df-ebd55f518e9c,35.78,0
3488bbbb-2217-481f-a574-114c43aa63a3,87.80,9
585ed87b-7ea1-4380-aa76-96757287d04c,15.14,10
977c8bf3-acab-4262-9ab4-129775bd093c,5.30,6
977c8bf3-acab-4262-9ab4-129775bd093c,21.37,0
1c137ea4-58dc-4177-a0a3-ded9c74a2e97,30.28,0
1c137ea4-58dc-4177-a0a3-ded9c74a2e97,67.09,9
04a4b866-9840-409d-8b99-8aa35ea0c95f,71.85,9
b3401969-c55f-44ae-a47b-4cc1eb249f9d,84.60,7
1fba9b28-9bb3-4e72-9a84-3af09c544369,45.07,1
2369e7e5-e1bb-4b9f-a4fa-302c530f7ceb,94.96,1
a334f9c4-9785-49ff-80d3-d4c6ea1c606d,6.77,8
04c23266-3d59-49bc-b1af-682574fbe74c,72.02,1
f8019cea-a959-48c7-8df9-38eff9d839cf,84.92,3
f8019cea-a959-48c7-8df9-38eff9d839cf,52.08,4
6e11ca17-a5d3-4e5d-a8e1-b27bef7867f1,83.84,5
6e11ca17-a5d3-4e5d-a8e1-b27bef7867f1,61.24,2
f580634d-2b25-44ce-b539-ddbba4bbbd21,43.00,7
24b4d085-4273-451d-baf5-d2dbd0b6a838,61.51,0
2da7e742-4b9d-4f59-9bcb-cc04a9d94d92,30.79,9
9fd038af-7386-4b26-aacc-83c2505905ff,51.72,10
9fd038af-7386-4b26-aacc-83c2505905ff,81.86,6
9fd038af-7386-4b26-aacc-83c2505905ff,48.97,5
a8447c2c-f5ca-4dc1-8435-be5db832ae48,49.52,6
19156734-cff8-41ae-9df6-9bb27b2c8c86,17.24,3
45972dde-2c56-4556-8108-933f4a2e5b57,6.46,5
b801ae86-b0da-4f7a-a4ab-f4b82ec39b37,87.13,7
d0984ffc-b7ee-4f88-8c70-a9af3c0582c1,20.24,0
5c54edee-9e17-411b-a9c7-2cf90acbc9a8,91.21,7
4f682cd8-c84c-4260-87c3-42d4f9e859f5,14.48,2
9fb06fdf-f6eb-4c53-b9f3-1fd04202215e,40.93,9
9fb06fdf-f6eb-4c53-b9f3-1fd04202215e,35.21,8
7888a093-6a66-4e63-ac78-c555d0b46b30,14.34,3
0fd467ea-883b-4c4e-9f88-d1d6b9ce6d19,30.50,4
8b84954b-b06a-42bc-86a6-c683ef1ed412,62.67,8
9fc9aa1e-80aa-4028-84b5-5878376f98e8,26.35,6
2d542081-d016-42de-8906-5c9186aa8543,97.43,5
2d542081-d016-42de-8906-5c9186aa8543,50.80,4
453936fa-1578-4e80-aefb-398473ec8961,64.80,2
4789b20b-8581-41d9-9a8f-7099e18e88ef,4.56,5
4ed34235-c457-48c2-a067-718895e9ed11,41.24,1
8c0c5f72-dad3-46b8-92e5-72f50a4c475f,12.80,7
06e51aae-cf0d-4acf-8c82-857e38266eb4,87.39,6
06e51aae-cf0d-4acf-8c82-857e38266eb4,55.81,9
d3a2816b-2908-4b0b-b7c9-954bb09c50f2,3.72,5
5b61545a-2009-4c61-af0f-5c4a52f14afa,36.25,10
5b61545a-2009-4c61-af0f-5c4a52f14afa,9.19,3
0626d98a-243f-48c9-ac69-acc4c1ea0e4f,70.12,4
0626d98a-243f-48c9-ac69-acc4c1ea0e4f,43.30,1
13aec623-7b7c-4541-ba60-0ab042425314,77.64,3
60b6a43a-f0e9-4ea6-a0c4-eb8e194f44ad,90.33,2
30144049-dbae-4b01-9fcf-d85d8e10eb6e,71.57,2
61bfcbbb-3994-4891-abcf-bc18bd93b0df,67.86,3
88510128-b2bc-44c0-9bfe-c8fa0dfc772e,44.28,0
88510128-b2bc-44c0-9bfe-c8fa0dfc772e,84.06,2
88510128-b2bc-44c0-9bfe-c8fa0dfc772e,46.75,3
402c211d-e156-4401-8c64-099fd64868ba,66.48,10
8b42a62f-b42d-4fea-8eeb-eb319487c427,1.36,4
b74dda44-946d-4a05-ae71-48312f631b8d,86.79,4
b74dda44-946d-4a05-ae71-48312f631b8d,33.57,5
b74dda44-946d-4a05-ae71-48312f631b8d,80.49,2
b74dda44-946d-4a05-ae71-48312f631b8d,61.00,3
b74dda44-946d-4a05-ae71-48312f631b8d,90.06,1
5eb4d9db-cc53-4731-bc69-9fc7ac9f610e,43.34,9
1aafac57-fa98-4f54-8cc8-2bc953bfb93c,30.15,1
1aafac57-fa98-4f54-8cc8-2bc953bfb93c,78.62,5
ea70a131-b05a-48e2-aad5-227849a5df5b,75.21,2
43be348f-f137-494a-95a8-05de752d6803,58.04,9
5a081f82-f999-491b-92d4-d9735f30fcda,82.34,10
65fefac8-c832-4de0-b42a-05e879189a30,70.40,9
65fefac8-c832-4de0-b42a-05e879189a30,86.69,4
1261bb95-ebe0-4c6c-a7df-8ba51c3669a8,5.41,8
11723325-2dab-44e7-b4c5-201ae452e002,78.26,1
11723325-2dab-44e7-b4c5-201ae452e002,86.25,4
2d4285a5-502e-4b9c-bcf3-ad47423ba0fb,3.35,2
91b22965-90dd-4fe0-aecd-2523dfa6b6f7,72.22,2
72c771c2-246c-4594-97ad-adb723e8c414,96.55,4
72c771c2-246c-4594-97ad-adb723e8c414,37.23,2
72c771c2-246c-4594-97ad-adb723e8c414,82.14,7
72c771c2-246c-4594-97ad-adb723e8c414,79.56,8
88c208d9-3bb5-4d3f-8769-91a9083cae2c,39.82,8
88c208d9-3bb5-4d3f-8769-91a9083cae2c,34.17,10
b85dd6fc-c537-4949-882c-090753597fd2,68.39,2
3dbfbc8f-3674-4803-98cb-cf5d3a03ae54,22.86,9
3dbfbc8f-3674-4803-98cb-cf5d3a03ae54,89.49,9
3839c136-5f1c-4ba4-83fb-baacafd2b6d7,56.33,6
43ec4c4e-868e-4c52-baf1-20163b3e1bc0,49.23,10
ac282f2d-2cf7-4f05-b3c1-d5e52ec57fd5,37.92,8
4aaadc67-49fa-4e2f-aa0b-065572fc7a76,83.84,2
4aaadc67-49fa-4e2f-aa0b-065572fc7a76,17.23,5
f49bb68b-68db-4ca8-a25f-a3b537205d33,77.88,9
bfccf423-7ff8-4cd0-bf8d-265b0259a2e7,94.29,2
fc767d2f-0fa3-4d07-adbd-16b2e907278f,57.99,7
fc767d2f-0fa3-4d07-adbd-16b2e907278f,44.23,8
b62b972b-e489-462c-a10b-e6f96b7dc4c7,58.95,4
b62b972b-e489-462c-a10b-e6f96b7dc4c7,64.72,7
b62b972b-e489-462c-a10b-e6f96b7dc4c7,73.16,10
b62b972b-e489-462c-a10b-e6f96b7dc4c7,83.33,1
490aa726-8ee2-4f48-9c2c-be90ec3c7d72,61.08,9
490aa726-8ee2-4f48-9c2c-be90ec3c7d72,2.94,7
490aa726-8ee2-4f48-9c2c-be90ec3c7d72,77.36,10
490aa726-8ee2-4f48-9c2c-be90ec3c7d72,48.65,7
4e9f4118-57bc-4919-95b7-58476ff0576c,51.23,3
4e9f4118-57bc-4919-95b7-58476ff0576c,35.00,6
8b460817-157b-4994-9639-d9a60986cf15,58.51,8
8b460817-157b-4994-9639-d9a60986cf15,35.25,10
9fbdafd7-bc9d-4854-9175-b95aba1b7ded,20.62,2
b5aa776b-82e3-4987-82fc-f8f508a82e4d,41.18,6
0757b8f1-f93f-4613-8148-330428bb8f73,45.22,5
0757b8f1-f93f-4613-8148-330428bb8f73,64.18,10
4405ccc2-0468-49d0-a9cb-4a5bc7984d06,34.11,2
4405ccc2-0468-49d0-a9cb-4a5bc7984d06,68.85,5
1bcedec9-bd23-49da-ba61-933a5716e2bb,54.55,10
1bcedec9-bd23-49da-ba61-933a5716e2bb,43.07,0
1bcedec9-bd23-49da-ba61-933a5716e2bb,72.49,4
8a2658b2-ec7a-4c5f-bc64-1e3dad752824,60.24,6
8a2658b2-ec7a-4c5f-bc64-1e3dad752824,86.75,10
63eaea22-18ce-4217-8d2c-52da1b905e2f,37.98,1
2ffa1060-30e8-4c31-b290-e0204ad3bfe7,39.61,2
ed903c3a-f362-40ec-b5f0-abc999eec8a5,75.76,5
ed903c3a-f362-40ec-b5f0-abc999eec8a5,31.22,5
16ab552e-542a-4765-8531-02f34a7cede6,34.04,2
c14bbfe5-4061-4ab5-a798-3e7327c2946d,41.75,1
78809578-b36f-49aa-a72f-c63551ef6358,95.98,4
3a867579-859e-4535-9991-1e648b9b46b3,84.98,2
81507b27-bbb8-4a75-bbc3-c674ab68bf65,36.92,9
81507b27-bbb8-4a75-bbc3-c674ab68bf65,45.05,5
b3e9fb2e-59bb-4a5f-bcc6-bfa3215b309d,33.53,7
96d2688c-44e8-46ae-a2ce-010f03191387,54.48,2
96d2688c-44e8-46ae-a2ce-010f03191387,9.17,7
1098878a-a1cf-4043-baf3-3c427da28a6b,27.59,1
287da0a1-d6d6-4ea3-ae78-18388dc06415,63.77,1
88e85d4e-f071-464f-85c4-2da473ff4748,91.34,1
fb3cfbe0-2971-4530-b68e-478ab17b3ae1,95.35,9
f3f1b2f2-2dcb-4c02-a428-a52b0895914c,44.61,5
f3f1b2f2-2dcb-4c02-a428-a52b0895914c,17.74,1
9605fd84-7954-4c98-b16e-5c80f9c23d98,54.26,8
729b5042-ba03-4024-95ed-22f8fa38be25,8.25,6
729b5042-ba03-4024-95ed-22f8fa38be25,38.60,2
729b5042-ba03-4024-95ed-22f8fa38be25,13.30,1
729b5042-ba03-4024-95ed-22f8fa38be25,33.74,0
729b5042-ba03-4024-95ed-22f8fa38be25,63.62,8
c238994d-74e1-4a7b-8780-2ead20989213,14.73,5
0c4351bc-d187-44b2-bbe5-5ad4dd3b2086,70.04,10
0221dc47-e515-4978-a072-6945500123cb,43.96,3
0221dc47-e515-4978-a072-6945500123cb,39.70,6
be793972-899a-40e4-880b-69ad2a514b2d,71.66,8
799bcf12-86fc-42a1-9be3-cac60691b707,10.50,4
83ec8c73-f82e-44f5-9df7-547099c33365,96.34,7
83ec8c73-f82e-44f5-9df7-547099c33365,29.05,8
83ec8c73-f82e-44f5-9df7-547099c33365,72.81,5
8a894181-c642-4327-b9f1-1b9819e69fe9,30.24,4
a4487af8-647e-4adb-8f08-990fc1086fa4,33.65,1
b0f9f3cd-c9d3-4423-aba8-4e70c9ab89bd,60.26,6
36f84eab-8e09-4a2c-b66e-16f3ddba0ef9,12.62,9
36f84eab-8e09-4a2c-b66e-16f3ddba0ef9,82.84,6
36f84eab-8e09-4a2c-b66e-16f3ddba0ef9,36.53,1
7a690a3e-cc6a-47f4-9ea3-a488b39cff45,95.81,10
f5b72f54-9d62-4299-bcb9-7a7fa77cae8d,52.06,2
f5b72f54-9d62-4299-bcb9-7a7fa77cae8d,28.13,4
f5b72f54-9d62-4299-bcb9-7a7fa77cae8d,86.95,0
4aa3f29c-dc68-40c3-b5b7-c6bdadaa3643,17.68,6
b608e12d-60c9-4038-bf1b-ae5d0d5fcbdb,30.25,5
b0e696a3-f3ad-4422-a4c0-adffed86003d,13.43,4
e4a751ea-305d-498e-918a-bf69ab530335,67.33,9
e4a751ea-305d-498e-918a-bf69ab530335,84.12,2
998c1081-3329-44a8-a25b-40bd2de7b778,11.27,1
998c1081-3329-44a8-a25b-40bd2de7b778,49.34,3
d5bf65f5-1af9-4664-ad09-15eb417d66d5,41.99,2
bb3b89ad-6b07-494e-888f-c7a8a5f884ef,77.54,1
bb3b89ad-6b07-494e-888f-c7a8a5f884ef,98.68,4
e99ac139-199e-48b0-b0ab-354555270b1d,36.53,5
e99ac139-199e-48b0-b0ab-354555270b1d,4.23,6
a9e7db2e-8960-427b-88a4-46da900a7e52,58.64,8
a9e7db2e-8960-427b-88a4-46da900a7e52,12.65,5
979e6679-60b4-4d49-a3b2-e1cf4b56a856,89.01,6
536fd1c7-8a24-4011-b61a-d4c8388105cb,32.10,7
7b2f3f09-8445-40dd-b3e0-60fd112c7def,54.59,5
52d59172-1469-4047-a0c7-4f5ce483e7e7,62.44,4
1c1f779a-699d-4f57-9c50-f1cf396f7c6c,3.02,2
1c1f779a-699d-4f57-9c50-f1cf396f7c6c,99.28,6
40b441e9-810f-48a9-85f7-315dab4fce25,46.84,0
40b441e9-810f-48a9-85f7-315dab4fce25,19.73,6
e143a4bf-b8a8-495e-82b4-23e738648fa1,36.19,10
3e7433d6-dd0b-452c-bd46-5928d3773310,68.97,1
f6220a78-4a04-40d9-a4e2-3b17f911b542,39.74,9
e975d9a9-2c54-46b6-b118-383f280a9333,74.50,10
5bf94aa1-4e3d-48d9-9648-68ca07c83a7c,96.75,7
f7c4192b-477d-4127-8f14-4a4da8873794,4.60,2
f7c4192b-477d-4127-8f14-4a4da8873794,36.84,10
8fa0668b-39b1-4099-8602-8f8b2afc5943,67.55,7
8fa0668b-39b1-4099-8602-8f8b2afc5943,82.68,8
dab536b6-1336-44b4-838e-b3cd72732771,10.15,0
dab536b6-1336-44b4-838e-b3cd72732771,31.53,0
dab536b6-1336-44b4-838e-b3cd72732771,28.99,10
dc30e357-3b4e-47ff-8876-a7a725821cbe,11.96,0
c20ae4e0-64e6-45da-bd03-1b00c235919a,5.07,6
cd6032b3-fa6b-40bd-a127-9807c1ca37f1,17.06,9
261c7b69-ef47-440e-b1d3-c7b7424c58cf,72.31,0
87ea47ec-7728-4126-9e0e-064e6e62b4ee,33.56,4
ea69ef5a-7baa-4f75-987b-d0da5f9d178f,95.88,0
51ff3719-62f3-48e1-9b2e-67ddcab7dcc5,81.90,6
942f9fa0-0bbb-4732-8b0d-1061320aacec,26.63,7
e851dfcd-be47-45e7-9f4c-835f9fc8c8b2,91.46,5
b694cacf-a72c-43dc-8243-15c43af74326,0.11,0
d448f9c8-6a08-416e-bff5-1551f01ba207,1.96,10
d448f9c8-6a08-416e-bff5-1551f01ba207,2.76,7
1f5b5b48-8fcc-4022-9475-2c0a30faa63a,14.88,2
1f5b5b48-8fcc-4022-9475-2c0a30faa63a,27.74,3
5dc75132-a3ff-4161-b6fe-9dfa4d1a4415,85.55,3
5dc75132-a3ff-4161-b6fe-9dfa4d1a4415,87.40,4
5dc75132-a3ff-4161-b6fe-9dfa4d1a4415,42.59,0
f765c2a1-624a-4573-a1e5-df408b20d6aa,3.74,4
a7353a1a-61d2-49bd-b929-5bf2bee5c6ce,79.01,2
5445eb1d-7d19-4908-a109-e9caa145347d,13.41,2
414cdbfc-8ccc-4b0e-96be-996fc7a21b3b,52.21,1
b10f9c3f-2be2-4228-85f9-7edc0325edae,54.45,5
b9a762ae-0ec7-498a-86b3-a701d7a4805a,1.36,1
a0a49be0-5f7c-42f3-a6dc-5809b1d5d7ec,10.85,2
107ff863-180b-4557-a04a-57faa0c02853,78.48,1
1d32fef0-dd20-4ba4-bd5e-aba18d987b04,77.90,2
eb0203e9-a82a-40b0-939a-7d1d7572f385,40.53,9
d488b744-8877-4d98-8fcd-0f5378cf9b39,54.16,5
d488b744-8877-4d98-8fcd-0f5378cf9b39,91.10,7
4646b48a-5d22-4ea9-abde-80dc01787ffa,55.24,8
53105548-1448-42e0-8f91-bf2298c0d232,61.63,4
53105548-1448-42e0-8f91-bf2298c0d232,78.41,1
87f6ba33-8a1f-491b-a86a-dcd9f8e386f4,89.79,4
d79c16fb-4199-416d-85df-7d9c922c73e9,77.97,10
21ec38ee-d6c6-4477-b925-2e5a1272fed5,98.13,8
bdfef4aa-bcb3-43f1-8b38-79ef0d1bc865,97.86,2
22584d9c-e9a0-4596-9ad0-6f4489e8518e,1.72,8
22584d9c-e9a0-4596-9ad0-6f4489e8518e,67.11,4
967fe366-fc80-4912-9002-687625c2d1d4,96.52,2
967fe366-fc80-4912-9002-687625c2d1d4,2.52,3
2c59f613-c351-46d3-ba60-8e9982b73c5e,54.02,9
7e5ba471-b317-481f-af8f-89e433592257,21.61,3
0ee2ba41-4344-4fc8-b7ad-c95978b1a547,51.50,8
0ee2ba41-4344-4fc8-b7ad-c95978b1a547,3.11,2
0ee2ba41-4344-4fc8-b7ad-c95978b1a547,63.12,6
ab74caa2-5b2b-48bb-8764-44e773927eb2,98.61,10
ab74caa2-5b2b-48bb-8764-44e773927eb2,51.09,0
ab74caa2-5b2b-48bb-8764-44e773927eb2,30.63,0
41336d55-0ff4-45ef-8078-7c6076063251,8.05,4
41336d55-0ff4-45ef-8078-7c6076063251,21.96,8
0ada76a2-0408-448a-a0f1-ae9bbb44665a,2.46,3
854501c6-0fe6-47d6-9dd2-ecc5ba7b0e77,47.54,3
142b2a40-eb15-436d-b224-e181a5a2298d,60.97,1
142b2a40-eb15-436d-b224-e181a5a2298d,79.18,7
e7c07cd9-83e3-4538-90ac-4c9e594198f3,58.03,5
4f1e6504-1d23-4b69-ab7c-c52f160f26fc,90.16,7
4f1e6504-1d23-4b69-ab7c-c52f160f26fc,0.50,2
ee4b2ca4-edcd-497a-b746-7658e5ccdce6,45.89,1
ee4b2ca4-edcd-497a-b746-7658e5ccdce6,42.90,4
33336173-c05b-479b-b877-d76257f9c74b,40.87,10
15cca2f5-22d4-4406-8586-6596af6d0daa,73.91,2
16f463de-b5b2-4a7e-ac7d-ecccc9ed2efe,73.66,6
a54e1a4d-7dae-4472-a713-b7092d222409,95.14,1
a54e1a4d-7dae-4472-a713-b7092d222409,71.02,0
a54e1a4d-7dae-4472-a713-b7092d222409,16.50,2
fe6dd2ba-711a-4fd2-86bd-d56ec088d6a4,49.89,4
57229577-cf55-48a4-a6e9-13e86fdc7a0c,87.23,8
57229577-cf55-48a4-a6e9-13e86fdc7a0c,19.10,7
abb16686-9d29-4b54-a398-fdd07bf466bd,88.63,5
101ad20d-4ff8-43d8-a9ab-8558a30a26a4,90.26,2
f2606363-bb09-480d-ae1a-bc5669b6f798,38.69,9
793dc849-d9ec-4b73-9028-ffcaa145fcb1,9.29,8
822abc60-249d-422f-ac18-33a5a95e1665,97.91,10
822abc60-249d-422f-ac18-33a5a95e1665,35.01,0
822abc60-249d-422f-ac18-33a5a95e1665,68.59,0
0e980ec7-9e73-4d44-9dba-5834da7f191d,24.25,3
0ec8b333-4714-4ab5-a357-40fbfc0f344c,49.85,4
0ec8b333-4714-4ab5-a357-40fbfc0f344c,8.13,5
14ada317-90e2-478b-a8c7-051fc93b7c1e,90.19,1
fba12a9b-94b3-4c22-a92f-034f110c1a20,59.51,0
fba12a9b-94b3-4c22-a92f-034f110c1a20,95.84,7
ab38161c-b347-4216-bb62-68b4c08d2189,22.27,2
6733c508-2770-425d-8440-2485ccb65e17,1.60,10
ba52fb59-94c8-42aa-8162-4f5e3db7a730,5.33,0
1927b3c5-0acc-4dc5-9fda-40ea723c2888,45.00,2
341760e3-cc78-45fe-874d-4c0652bbdf89,64.05,6
341760e3-cc78-45fe-874d-4c0652bbdf89,65.36,7
12c9ad74-66f6-47d4-8702-5797a0ddb88a,52.30,9
12c9ad74-66f6-47d4-8702-5797a0ddb88a,39.15,4
12c9ad74-66f6-47d4-8702-5797a0ddb88a,71.61,9
12c9ad74-66f6-47d4-8702-5797a0ddb88a,0.05,1
12c9ad74-66f6-47d4-8702-5797a0ddb88a,23.04,9
0d1674c5-bc2f-467e-a10f-b7682ae676b2,24.23,5
419e90f5-69d8-4329-991c-756f59d3b1b8,46.63,9
419e90f5-69d8-4329-991c-756f59d3b1b8,20.34,4
d1e7b057-d069-4f7a-86e4-be3295854c95,17.84,5
d1e7b057-d069-4f7a-86e4-be3295854c95,76.66,4
0c66b2ac-6b75-4fa2-b187-ce6e49f9eafc,95.28,10
0c66b2ac-6b75-4fa2-b187-ce6e49f9eafc,61.44,8
00c7f035-9c25-4508-a684-71f3517d5e73,31.50,3
00c7f035-9c25-4508-a684-71f3517d5e73,69.34,8
b1ad4232-9d7c-4be0-89ea-2ce8304357b5,39.11,0
b1ad4232-9d7c-4be0-89ea-2ce8304357b5,40.44,10
63fae136-2db7-4ff5-a7d3-6264e8c033c8,90.95,4
379be3ac-c1a3-433b-a064-8e139e5f300d,93.14,10
5c1c18fa-0de0-4050-b4b2-de6e45d9b840,19.40,7
5c1c18fa-0de0-4050-b4b2-de6e45d9b840,12.34,7
4e6ff156-e35b-4c5c-8c0b-d329d38abc2f,77.54,1
729109ce-bad1-448f-bbb2-ecd74f0a6592,14.09,9
c5df9010-9e3b-4221-9bec-ba65c4f35769,99.46,2
c5df9010-9e3b-4221-9bec-ba65c4f35769,84.52,9
c5df9010-9e3b-4221-9bec-ba65c4f35769,31.26,0
d4cfdf6a-c249-446f-b675-bfaf07947b92,52.29,1
886cc548-58d5-4cba-a104-92c57462c0c9,78.48,10
b6ebb9e4-944e-45c5-b841-55d3374251d3,85.59,8
b6ebb9e4-944e-45c5-b841-55d3374251d3,41.22,1
09ac1ea7-fb2a-4d70-bc19-5d02c2430324,38.66,10
09ac1ea7-fb2a-4d70-bc19-5d02c2430324,66.56,2
09ac1ea7-fb2a-4d70-bc19-5d02c2430324,86.49,5
7e3ba34e-3d43-4a9b-9f6e-04a37448ad18,4.97,7
7e3ba34e-3d43-4a9b-9f6e-04a37448ad18,56.27,4
7e3ba34e-3d43-4a9b-9f6e-04a37448ad18,16.29,10
64b48756-4d88-450a-a695-64d5bda6c3ae,35.04,2
13fd427f-61f5-403e-89aa-51fdd73bdf1f,29.25,10
13fd427f-61f5-403e-89aa-51fdd73bdf1f,22.57,1
13fd427f-61f5-403e-89aa-51fdd73bdf1f,34.02,6
13fd427f-61f5-403e-89aa-51fdd73bdf1f,86.11,3
b5dc3da6-e2b3-4150-8c85-a3de8aae2419,33.20,0
b5dc3da6-e2b3-4150-8c85-a3de8aae2419,57.90,0
87b73986-b138-401f-9d41-d052b0bb645c,3.33,0
8f80a3bb-d01d-4ce8-9310-309d68c90afd,18.77,1
8f80a3bb-d01d-4ce8-9310-309d68c90afd,59.96,4
