user_id,is_active
f45fe3d5-2d7e-46c9-a9e8-a3f74c643b8c,True
a8c1d101-6ae3-4165-9863-243272caac80,True
cc353cc2-1635-4281-82e5-d6c92358738b,True
a0cdb3c0-cbf2-45af-b27b-02dd5fc137e2,True
2b1bf7c4-d934-4168-ac5b-3897b571b9ac,True
48e8c1b2-bb75-4ccc-8e05-f57736562235,True
c3bd824d-8f93-48f3-ad8b-9c1516a32490,True
163c7ecb-1fa7-436f-918d-534645507f5e,False
7456135c-a419-46c1-8d5a-2057a88be9e8,True
795704bb-98fc-4b7e-9110-d2ece06eea1f,True
4ca75b6a-f0ee-4372-943f-c56ea2a7916e,True
b7bff289-fbbe-4b68-b4fb-6d002e696bff,True
17583818-9e69-45e0-9f47-aac9e5d32318,True
09a1aae2-b33d-40a6-90c9-89e4407be192,True
102cec9c-2fb6-4423-b11f-510824e37511,True
9b871f35-4512-4949-9eb6-55e83f3b7161,True
18ec3261-ccb5-4bab-9056-4b46d708810e,True
6200fe60-ab53-48e0-9bc2-2d3b219794fa,True
46056f7d-92a1-4c6d-afd2-db91368e0196,True
6601c58a-194b-48c2-9b58-22706debe1d6,True
52738900-5738-4f1c-804a-725ec206b163,True
b43ccae2-9613-43c0-866b-2ef2b0e1532d,True
96b11cd4-48f2-46b3-b025-e2a084576fff,True
fa98a050-6682-4856-9cf8-881216af9363,True
68c3d404-1e71-4eae-9e52-7ba270b8e565,True
c95889e3-76a3-4f8c-855a-8cadf8e1ae40,True
d6a31220-09bd-47f9-b649-82c8f7d24d42,True
d800653d-a954-4d40-bd91-6e43062d5b80,True
aa005212-018b-420e-a8ba-8ea4980bc7c5,True
da4f6715-1808-4e5d-8526-7e8fce91d39f,True
654c3ab2-231e-4f45-bb6f-c88db991723f,True
09a38765-fdff-4519-8794-89200b3bb068,True
3564d650-4562-4507-992d-e9efb0f84c72,True
f26ae9aa-05a1-40d2-bacc-b74ed42b65c5,True
66b4fed8-be03-420f-bab0-b596750f1f83,True
a4cbe6d7-5b29-4fc9-8b61-ca2923329d5b,True
2d99663d-2340-4c50-b84a-3d78f515cad2,True
20b09e4d-b3b0-472d-abc8-f4a8e7e3c229,True
2876123c-fba6-4fd8-aeb8-a0de899ed222,True
2f51b41c-30c4-4453-92d8-8b23bbe22d30,True
c428f385-c3ed-4cf5-8657-443813486e49,True
19f5c4b8-801b-4d83-a2c5-4d635ebc3578,True
1d39ce78-a563-4c5b-8ae7-5e17252df239,True
11853841-53f2-424b-ac5d-0196352c8065,True
129d833a-33f2-4ed9-93d1-bec92d502e28,True
0edc2445-59e1-4a03-bdb3-495d7ca0d421,True
b092b657-f3a1-4e6b-9179-9204a4c16f55,False
aacbbd13-be69-4b4e-a990-05aa22a2aead,True
04fe9002-663e-414e-8712-37f51caa0df6,True
376f0a69-1b8d-4946-9873-1accc74eedd6,True
464c58cb-17e4-4e26-a281-99a671f973c8,True
80d37b73-c3ec-49b7-b97f-801f9b1dd88e,True
637e7842-c7e0-4d4c-866e-30018b7c1d04,True
cdd57479-29ea-431c-abb6-d245e1a76413,True
c3db7add-f69c-44cb-95a3-46238cfd53e1,True
8bfeffc2-187f-4099-993d-fa0275021664,True
17f4c231-57e1-4f15-b2c2-1b3dc515bd08,True
ceb53a69-a286-4557-9a1f-40703ac6872e,True
e2867cac-231d-4e87-bc6c-2f233d3c5fa4,False
f3360996-1384-4811-bc16-88a3f78cae5d,True
c2f1d91c-823b-418d-a05b-c01ad4dff8ed,True
40cffd45-1357-4241-a401-5bfd575b7e9d,True
420a1acf-bdd0-433a-95a8-0442311340e5,True
6a923d5b-a540-467a-8109-216e352b445e,True
7fd81d1e-0103-4be3-a8d7-40e77441dd96,True
3f24da18-f5b8-4c5f-b05c-3e54c3d8ccfd,True
a3181788-0d7e-4245-8cf8-dab7c6f7c4fd,True
d5b9d4f7-389f-4a30-99b5-404cfd1efa35,True
124e08d0-26e5-4e6e-a091-8ed94b5c9623,True
ffa6f7b6-d674-4a72-b1c0-c73e3337d4f4,True
9b5d7ae2-b46c-4ec0-a1f0-e0b944efc264,True
602be113-0ff1-494a-8d0d-a7e471440de2,True
f7b8289a-fbfd-4ac8-9e69-a931c1056988,True
89268571-d3c3-4c8f-8b36-62914f85fec1,False
8e4cba4d-6c66-4d93-9ae8-d94621baee7b,True
68090f3c-e1bf-45c8-a5ab-d99119fc9b8e,True
8d84a16a-fa0d-4604-9dad-c69b2ef892a9,True
d7ce8231-ca8d-4335-9035-a781cb211ff8,True
efbd76d6-3439-4f17-bbef-63384bcc0db5,True
3e3c81b9-214b-4f7b-a9b1-94b58f02395b,True
e91b20d5-a441-4013-b808-9d1f3970ce1f,True
0baffddc-bbf2-4906-a959-466d9a65e39e,True
1265021b-9d5e-4871-92b2-aa9e519522c9,True
b119305b-2456-4260-8534-fd9d96fb7d6d,True
5f83ff6b-9d46-4f89-a5c0-ae86f60c0e3f,True
4e4d69db-7336-4317-b107-ab0e49252f9a,True
7cf07470-c4af-4d09-a5be-49a4e8c6c1b1,True
6451b69d-a2be-40f0-a6e7-bc178a15c90c,True
f476eff6-e20f-4596-ab1a-e76c08075ad6,True
21b4524e-9365-40c2-85cd-93d052f5ca5f,True
27474ea9-3a45-4957-8b3f-d238a4a73075,True
1ef7f18c-b400-470f-b262-8ffc8ed8dcfd,True
398d62a2-390f-4c65-a1dd-2a88275aa643,True
a5e973fd-7359-49c2-97d7-199b38b34f5d,True
89911137-4ada-47de-aac2-8f5f52c89e6e,True
e5045162-e51a-4e11-972f-ded12778c3ec,True
7af8bfe0-69d1-4f67-a63c-adf406367408,True
368f8bb8-598c-4e63-9113-d57b14a3c89e,True
0d6ac85b-690d-463c-9fa8-fdd55f6e2bd1,True
4bfcb60b-0135-4a33-8ec7-dfa86c702157,True
ab402966-bbf1-4d89-8119-5060270eaf7e,True
cfbdc309-c4fa-424e-8c54-1128852a54d6,True
41679620-4224-4f0a-9c1a-2b2e7088ba3f,True
ca158954-96e4-4956-9679-ac9467a642c4,True
85d399ca-18b0-49fb-a438-51d78b202382,True
02778bc0-5662-4a1b-9454-52483d1aee1d,True
6547179e-90e3-4a62-9827-0596ac63fa89,True
1ce9585b-bb0e-4d53-9bad-3286281fc379,True
9f000de9-2437-4501-b5c2-9bba9f490910,True
09a39f0c-ba5b-4a6e-b0cd-e51e83c70190,True
a6145770-e739-44f7-b764-48428ffeefc9,True
e7b6e1f6-78a3-4f8e-b939-bd37b9fdc3f5,True
152fcac5-f76a-405c-9b9b-a1da506488b7,True
f3cbc41a-90fa-4d7c-8e64-b052c95adfa3,True
09ed3520-d9cb-4a8d-b48c-f2f73380cfd3,True
d4314413-d1f1-4e67-b833-55f5c407323b,True
7d9786ab-cb64-460b-ba93-82a1202c37eb,False
e645527c-b160-4198-b989-5740fa65c6db,True
67515b05-b96a-4d0c-a7fe-9de9fa3c2341,True
119681a9-b20b-41ca-9601-5c2dbf0335e5,True
1e51ed39-7361-4542-ae61-28192163eb64,True
5b07d963-70fd-4523-9f9b-0865f43053da,True
8662f666-2201-4d2c-ad47-bc0d27cd1cd8,False
0ff49007-84ec-48de-b271-1f8c96496103,True
1b82fa80-2fa1-435c-9784-19b3b31d63e6,True
13e816ed-585b-44b4-911f-e2c6ea0d89fe,True
4ea4e95a-ccaa-4352-8de3-3877e9d8314e,True
f7272e58-6c21-408d-b3a0-da84045620ae,False
5e08f9fd-e467-434e-bd0f-6f32224db6b0,True
54a93af2-fac8-43d9-9676-7a40e436eb49,True
be203b09-46d5-4c85-b42a-fbd537c2c1a9,True
2ce7ef49-bfc6-48c1-932b-deaaea202f40,False
75964be2-a621-4a1a-8ff3-cef2ab73faf4,True
b360cc9b-1f7c-4740-918d-234a89ce66a1,True
3b227f55-0bf6-49a9-a3a5-80fafe207a2b,True
b9406017-394b-4ea9-a1c4-b8ce7be8af0e,True
a17616ea-489e-44fe-a121-da7d502ed113,True
78b238f8-f829-4832-9ecf-bb2b6d6bc4d0,True
befc4bb1-af2e-4903-ac2a-abd7ebdd4fa7,True
a5bf332a-cd63-4ef2-ae61-084ca195017f,False
83f63e66-84de-49f2-a798-8da686d7f8ac,False
4f406c8f-d139-4651-996a-5ab7a3a3e407,True
3c984960-8b74-425c-af32-b62c7a5addab,True
8cb48553-868a-455e-9e00-1369889f9f0b,True
550df484-68bd-4456-b8dc-7273e0530406,True
7f37afda-fef1-41b8-8080-c8b0060c368d,True
5cdb052a-46b9-4c37-b119-0c094651996d,True
df058df0-5266-4cc3-9043-9e1d2e582e85,True
a92dc6ff-5be0-47c7-b8d0-49645faa200e,True
11a35108-f2b3-4cff-be4d-ef873d8c8a3c,True
2485f830-b604-4f50-8ef7-00620f6d8a62,True
96d345ad-7bc5-480b-8b72-0cd9ff0df671,True
c2c0553b-897c-4a5e-beda-b076ece1a686,True
a3f7beb0-9dbb-4971-8394-6ab2f3760297,True
9065dd31-8a09-490e-aa4b-d465d739c33d,False
d5607f60-c2ac-4756-9844-1aedd51aee48,True
20760abd-b8cb-44e6-b703-de7cc3ee7b34,True
b0380c55-8ed1-408c-a71c-e01fcae6611a,True
48bb9f10-b5c3-48a4-ae48-d021a40ba6d2,True
e6fb62ef-01a5-4822-b609-5f685040b71f,True
01d6e147-92be-4dc6-a282-f41231e38f45,True
8657c2ec-fc4c-4d60-bef1-ee9a3dc12f97,True
83a40e38-e773-4dce-956a-21c932ca7f5e,False
4caebb51-c7a0-4703-8f62-5cce6841c7e4,True
b1fb0715-280d-4936-8206-71d89d68bc91,True
03951519-e8b1-48f4-a875-628ff8c3041e,True
eaadf0af-c012-4881-9023-43f4388937ec,False
3c76ec42-b6a1-4c40-acc3-f5970773e49c,True
0fcfe930-8373-44b0-95d9-1922c8429b78,True
bf169e71-accc-4b5f-b624-a530d6fc3dae,True
f6a03b94-3415-49c1-aaa6-724ff951a98f,True
7bc19589-20fb-4975-8052-90ea8157fce3,True
c99f6aa5-6961-4fa2-86f9-0f7e4e48c3e6,True
78eb0fdb-aa23-425e-9798-fa64309608cc,True
e86b455a-bc95-4a80-95e7-38b16baa020e,True
abf8def0-979d-4e30-bb57-4b4558c835df,True
7913b8ff-dc9c-4ab4-a32d-8f8f7556cbdf,False
58dcfd82-1658-4d3b-81ef-013e55d25aa7,True
87240218-cb48-4672-97cb-95dff083d340,True
078017c1-835c-4c3a-92a2-2d61c8424a4a,True
58428b71-5366-4b6a-a01f-1e1b08947782,True
c6b82b66-d124-4b40-8fac-dec266a11720,True
60100209-eeab-4cc6-b352-3c9dea74c48b,True
fbbc9308-9ba6-452d-9918-222b05f8a0a9,True
e1f7d3f5-adea-4b79-a961-4c35a517ba62,True
223c3bd7-e3cc-4149-bee9-735d66e9a92d,True
8893c5ab-98ec-4978-9603-43db42fb646f,True
4747c858-6496-4e1d-b0b6-d4ef7346067e,True
6898b3b4-053f-4ff3-a956-4d668c2f99b9,True
ec1b41f0-e191-4ee7-b311-5f9afc7bac73,True
23dc0508-6ed3-4fd6-bbfb-cde4aa49ac42,True
13b375f7-939d-454f-a66f-1b6274f3016a,True
56af01e1-2323-4708-ada8-618cd9cc0f06,True
6106ac95-b888-4582-be77-0f07e2931bf8,True
bb196a49-21ba-40cf-b2e9-dd7df6486435,True
1c1f0808-f3c1-42a7-9375-8695850183fe,True
dfcbaaa2-29bf-4d4b-bd10-866f0c20c34b,True
0838d241-8d32-4417-8c4e-04d138ef8920,True
8737f1c4-1d67-4cb3-8936-39f5efcd1e0e,True
d0736fd5-2427-4589-86b9-189a9aeb26c7,True
9e936a76-e78b-42fd-86ad-8061f11fe0f7,False
a4207b35-c345-4226-ad1f-fe3f2334f723,True
2d895d87-7436-47ed-8274-8277a62ddad6,True
a17f56ad-8f92-4fe2-afb9-fa9394124305,True
34ad2775-73fa-4ac4-b5e6-0a314fa7f3a8,True
5b0109e9-862f-492b-9372-f3e7d19584ea,True
c84e619d-73a7-4f17-8a24-a9dd5f691f76,True
785f929d-782b-4891-b34d-c8576f1b07aa,False
1b9eee3b-63c2-4aac-ac3a-2db68030b13f,False
6720181f-271b-40ad-94ec-cfe8f11fb4dc,True
775662da-3dfc-4e07-8a3c-b42df8eb7827,True
f07ec9bc-4d6b-4556-aea3-eb08a48e6e66,False
4a33fa7c-bd0d-40fc-8551-e17f78ad3b09,True
d7d10cf2-e188-47ea-aa49-560f6aed1d58,True
6aa134da-d9d8-4550-bcc0-59dff7b8678d,True
553d1d60-dabc-4bf1-83a5-17c28b07cdad,True
39a85c98-1f98-4e00-a9c0-e9ffab91b7fd,True
e7c82b78-3faf-4d94-9095-74042aa73dfa,True
e5c3326f-1033-4daf-a512-985d8b55188e,True
5eef2413-0422-473e-95df-a1bfa7ff9d85,True
2f1129b1-35bd-447d-a4fa-7af393194912,True
deeeb23b-160f-4e2a-b32a-f6c0040cb0e8,True
a807e182-2c45-4d7e-a548-930fa18e4f23,True
ef8527c2-8ad6-45cd-9b3d-25696485a90d,True
bbc90af0-b938-48e6-b816-4a966bfd22ef,True
a7c13a6d-7bcd-49ea-8cae-256944ed86c1,True
a4b0c68b-fac2-47ce-9e6d-68d3c7889e6f,True
14829fb6-902d-4e72-989e-2ae7d9f11bb0,True
e90c103e-bf9e-4fc7-93ee-cf359fae3d7a,True
5b8efa62-d2bd-4f84-93e0-e07b1e388cc1,True
62ba045b-1d61-43d1-aa85-a9c292785dae,True
a11a8a3f-c36d-4196-bfb8-19ee644cc166,True
ea9990e5-29db-4b89-bed2-6fd6263cfaa0,True
2c237d1f-1cfa-4ef9-9d11-35260226ef2c,False
19856b33-09cc-449f-aac5-1a863dd17591,True
b191f53c-ce0f-406f-8f9f-5a162f5b6912,True
70c8744d-2f23-4701-97a9-baa90c011e6d,True
92fc1bbb-1bad-41b7-812e-b19e23bdfaf9,True
bd661f48-cf32-4f73-9fe1-b9a5e4acc323,False
612e5080-8233-4c15-8e44-be3e27c81bc5,True
dfd5f9b8-70ba-4f53-a64d-67fad144e0ea,True
a7232925-0f02-4743-b578-5488251272e0,True
7b586877-2e57-4c9b-b2dd-c17db6f278bb,True
3054dc52-38f7-4a5a-b7af-52d1d843ccd6,True
00649685-d803-43e2-a53f-d47ff7ea416c,True
56d3ba9c-4dd4-418e-b147-b81b1c02675f,True
68d5d5f0-4723-41a7-adb1-5b8abcd70036,True
204c1271-e524-45a1-b0b2-2d0a3b95c503,True
4d38ba46-6576-4414-ac14-728421d9380c,True
d6581116-24bd-4bf5-98c9-5eab9f86cd18,True
ec7008d6-3f86-4f6b-adef-652045b0969a,True
b6507238-77fa-4e9a-8b32-c44838bc47a0,False
6d5c90d2-235a-41d1-a128-07ddd0ba5262,True
7c67edfd-28d7-4979-bb30-75bcadb6f448,True
7c90db0e-7fa2-486a-b73b-ac35f3a9606d,True
bef32fef-5d0c-41ef-be0a-7d10f39956e8,True
3c70902a-581e-4722-8d77-4387ae5c3bb3,False
cca8ac72-5893-4f00-8b23-ecb930999c92,True
f7cad1b4-230d-44d6-8451-f9f99312b0df,True
bed28239-37d9-4af8-9e79-91912e2c8688,True
ecd32705-fe62-487c-91a9-8a5208cc2065,True
1e5c8e98-da61-41f7-b088-8df32f4c840f,True
50ded499-1bf6-48d2-a822-33dc14bbc063,True
b18eaa5c-203b-486e-96fe-c6c9ebfd0a64,True
ffbf7b92-c519-4a46-8636-277d2a8e9598,True
b8979736-a4e3-4f90-8aa0-34f2eeac277a,True
c9bc86fd-9b05-418c-8e7f-68e26846da6a,True
4d2ea626-29d1-4aee-bba7-94f31a396f92,True
fdddba05-f957-4655-8eec-4897046be5ba,False
37b8f401-095e-47e4-8935-76d1e0768b7a,True
86d38d65-392d-46b4-8147-c8412677b61c,True
16c07138-ba4e-4759-aab0-21b02e61426f,True
14f60072-a894-4831-95d5-9954403d85dc,True
e879b216-1455-4d8a-9c9c-ac4874c5cdb3,True
47544be7-f0d9-41a6-ae06-53934ad7a598,True
59b7e815-c6e1-466c-b9ee-90079d8ab674,True
ad817b0b-787b-46ef-ae65-b49de2ec12ac,True
a577ab10-4dfc-43c8-9d9d-555d3e43c43a,True
11d0dab5-fd96-41a8-b4f2-8938588ceab7,True
4e731fce-cb8b-4dbd-b789-f183434805b0,True
13fb0c48-0d78-4898-8cf7-b4cc536740e5,True
8b46a632-4879-469a-9caa-ed9b71e1d761,True
0da312a3-5dca-4724-89e1-5042e06ad919,True
142eb2ed-9fe2-4f6c-b56b-af729938ad94,True
3c67001c-ea54-48a1-bfe4-a0a235c650b0,True
c2763dee-3e4a-45a9-a97c-239cdac20cdf,True
938e9b0a-f265-42cf-9dc3-27c601192093,True
275a23ae-f3bf-4442-9f30-0a7535a9d929,True
3474e760-a4fc-487f-b1b3-8767b2555b1c,True
bc40c509-acf2-467b-85d8-23bd8d4fc520,True
13efda6c-6eff-4e06-b387-66acc9406269,True
6676df55-0086-4577-8bbf-09445dc7b6d8,True
c12e0602-06d8-4825-87eb-f40d8058fa5a,True
d625186c-322b-434d-9c20-0a8fb6bc8475,True
80e86839-742f-4d44-9441-a616cd403cec,True
407e0bcd-0cbd-4872-96ae-02c93664a7a1,True
d251a54a-15d5-4547-a5e1-1ce8d7e23808,True
19eb19f5-c7d9-42bf-ba8e-d1ccc8959fad,True
f666e15d-b7cd-46a3-937e-4567e6765e61,True
de5b700d-10b4-4d3a-9812-56dd382ff70d,True
6261b1ac-553e-4c67-857d-527ea3b10e98,True
8a02af92-9672-4ab1-8801-48efde095dcf,True
2d10083d-1d63-4095-be68-01a494c44031,True
c19e4c15-a4c5-47cc-8c52-5a4bff9cbaa6,True
1cbe8b5a-98dd-4507-a084-746173b2e128,True
06f126ce-9612-4cfa-8bdf-4a0d10a7b3a0,False
4117b953-2a92-4cc8-93db-d5631586c3b7,True
b688a309-c887-4461-8c71-e8de9da18e0d,True
dc85fa0a-670f-4c7e-aa3b-1b8eeaa1d336,True
a39ab757-2806-4a79-9191-240aef753083,True
cc2ad6e4-cb36-47c9-b05d-a2eced475390,True
8933d6e0-ffa0-48cb-a119-c563d421cc0b,True
4537c3af-04b4-461c-ae57-099972b8c8ca,True
39f54073-e638-4128-a5b9-cbc84e3fae27,True
63ce2daf-18ad-4dc7-bf4f-bd305d475fdb,True
6270e770-9aef-4770-9876-0ecbaf0fa2ad,True
33561478-0744-488e-b58c-7be166f3c322,True
9f5938d7-6157-4b30-8e2f-fe0b212cb4a4,True
c1888db0-e23a-4aa8-98c3-343003c199dd,True
156cf207-e560-4d63-992e-8303a5c2c8ab,True
b46a699f-cd14-4af6-8773-48a42a8b67a6,True
0a23eca8-92c8-4634-9861-b1308a38439c,True
5326564c-10f6-4304-a13c-eac7eb170e73,True
85a8c951-c5e7-46d0-b5d0-746bca2cbfcb,True
8f880877-f7cc-4e8b-a222-836dba1b4e84,True
aa1be900-58ef-4ead-8bd4-7ef03a62fdfa,True
9845bbd9-4e4c-437f-ac70-a4c3806fe9f2,True
a49c00de-7a15-4872-860e-38dee64a49f4,False
3585e784-377b-4af7-89c1-68af883a4001,True
43af2593-43ce-42cf-aaa8-7d157ce3cb1d,False
2f01981f-3e59-4172-85a2-5341cda3a5bf,True
d4cd6637-24e6-4e71-a9f9-a66ca873613c,True
e3c57a63-376b-4590-bf28-1f753298a079,True
33e9a365-2430-4c35-921e-a3d67122e71f,False
230a4595-2415-4fed-b804-d297b28e0bf0,True
5b41af5b-f385-42e4-824e-d395202f6805,True
4109d323-eab7-49d9-9f06-a3771e1386fb,False
bbf40893-1914-4df8-9b00-da92744aa269,True
59a7ea0b-b314-42be-9933-9697d4077ea7,True
6e64555d-4c4c-42ff-b955-e07dd651b7a5,True
84476b9b-0784-4752-87a1-7c6922648a57,False
fc3b5587-d663-425d-8ebf-4936cdfd3d1c,True
06f03046-a548-42b7-9468-75a99c408271,True
637418a0-c7b5-4cb6-8c4b-fa1fc0990d37,True
2a5ab79d-b880-4d21-afd6-081d2913caa3,True
30adb215-45dd-476c-92e3-1dbeaea08a83,True
c6e611c1-12fb-41ff-9d2c-c97e53abde89,True
682c52ec-3d56-47d7-99ae-023fb9fa2884,True
f78d2240-888a-4d85-8198-264cca2693d3,True
183efa9a-5fcf-44fd-9aba-6e355e110528,True
5b9b17dc-8b08-4894-9022-e39045dc7bb1,True
aa932c6b-5ef3-490f-8989-6d87dee6928c,False
6d2a6a2d-396d-4603-bd2f-96a3b04d802f,True
c00c466f-3c1a-4a07-901a-311fcb868e75,True
0b4b06bb-4655-4527-8ff6-efde5c14f2d5,True
abbdeaa8-cc2e-43a2-95cb-94501bfaade8,True
6bdc0770-52f6-4d4b-aad2-5b74879c6a9b,True
016fb1be-d6c3-42f9-8f95-162129a79a04,True
e5fc65cf-abe3-49d9-a64f-23030c89afb9,True
41be58ce-5ada-441c-8274-317ee08f744a,True
806af8da-a7e8-4af3-9e7d-4a722aab483f,True
266dc952-cbbd-46ec-95ed-465aaf2aeeaa,True
7aabcd6c-c379-46d2-97f4-d0d65b9c6429,True
b15bc36c-1220-4956-8d2d-dea70c28bb66,True
8579064b-06ec-49e6-aa55-0051ecc02ddd,True
d8a4ca44-158e-4e35-b42a-059253affc04,True
59ac6e14-3a27-4f15-b320-b8935a113708,True
7768e842-3956-4d66-9db6-4cfb4b7087f4,False
41f8cd07-8a58-41f2-b300-8590ad081f68,True
bd0c48e6-d0cc-4e8d-b576-fab6b4b297ca,True
b567f7fc-7d11-4c87-ad94-61b8c052fe72,True
3946c777-a182-48b7-8f65-ef173a903428,True
de98b84d-dc8b-46c9-bf8d-24d98046d284,False
171e6cdf-7e24-4856-9f4d-9a275669378f,True
f7883c81-c662-4c72-b3f1-064022c95297,True
cdd75ffb-7c4f-4dac-a316-38034b4cb39b,False
bfe1ee6e-bd08-4ce6-b907-4651eb0e81a8,True
d75c50c7-36e3-4aba-939d-639bee87236e,True
ae4ef404-c4e5-4521-9688-0f088893bfdb,True
a23683cc-b457-4763-92c9-74d016cb0d5a,True
8a9652cb-fd43-4d04-94a7-e3b023f0f36f,True
01ddf4c0-6403-465f-b8ac-0951bab1edc5,True
8cf5a8c7-c544-4941-9039-0f28c38f938a,True
3c70967f-3625-4bc0-be5e-5d1b478ca566,True
79680987-c4d3-42c1-8619-29161082c5b8,True
85aacd91-d539-4b67-a587-788466965bbe,True
3ad3588e-6dce-4e6f-a9aa-58088ee287e6,True
50cf61f9-ba86-4d40-b23a-1306f6a2669a,True
a051d116-e8c8-4727-9330-3b6389138ab3,True
99ac734a-3413-466f-8e14-f8656f62ab2a,True
efe897f9-264e-45bc-9b2a-9d020230896b,True
81cb8422-111d-410d-96bd-aa1e1d02c025,True
9eb6a42c-4d2e-4e1d-a54d-c6369d714830,True
dfcccd95-39e9-41bc-9dd8-dcdf690e7390,True
a4c8e431-eddd-4d93-99fc-363a9e626e4c,False
61b6fe14-1af2-46f3-903f-863b4e41185b,True
1ce3d0b1-8054-42f9-a72b-50b68d73e9b2,True
da211b01-7c4a-45c9-9189-2f083851a30f,True
361fc232-ca9d-42b7-a4bb-d4fd94a79ca0,True
6eebf124-8450-4551-b71b-6f35cedd7217,True
c96fc379-1818-4c76-9468-b4828a39a4cb,True
a0e30db7-7b2d-4ad5-91ae-7d1e416e62b7,False
c5d3974b-986c-4c84-8357-44c3db570878,True
5d07e16c-b3d5-4eec-8e45-f61b23e0b43f,True
940934f5-6607-47fd-917e-267a56b55a06,True
d53b9b14-12df-405c-b53e-f053a372fde0,True
253c1a1a-cfed-4c23-848a-9d0dd15e0f3a,True
2d689a60-88d2-4e5d-bca7-11c1fc86381a,True
fe0375f3-8948-4f85-a9c9-1f36bf068d96,True
ae0a15a5-e28a-438e-a49b-962fde4409e3,True
9c4e10b6-aec2-4d22-a661-b5157e9cc6f5,True
c53a2cda-6062-4d39-a3f3-9270c01850c1,True
468d1de5-7963-4849-9808-399d878f582e,True
cfd00b70-f95d-46c1-90b6-b7dedacc15a7,True
3eac3a5d-0b31-4bea-aba0-6359101cff94,True
c396680f-6a7f-4106-9868-e82a630b6fd4,False
131e3d55-ddcf-441c-97bc-6bc239a5bd67,True
60d88dd1-f7f3-43e9-8a9b-846e17a6dcd7,True
0e87a7f6-f06b-43ee-8424-533043ac5b87,True
0e002ee7-8d39-43c8-b089-134be9345cce,True
b02c8294-1344-4211-8fc5-011daf00b749,False
6bdc44fe-5151-4fb3-ae09-9a33bc2838a4,True
bedbb618-1cff-42b7-8bbf-823f4e173b6a,True
c18a272c-b5f6-4770-817d-5dfd9a4b43c0,True
e7eb94c8-e6bf-4648-aaa2-83fceb5e63f9,True
b79df9d4-b2cc-4343-aaa6-6a2d0032f958,True
37929051-d83f-4200-8939-47be092595b5,True
6f9f11c6-95b9-4d9f-810b-057583eaeb0a,True
fa79dfe0-fbbb-4087-aa89-6db34db8346c,True
6d255271-779e-4fb9-836b-35d082c3e9e4,True
48465d92-d071-42ef-88dd-b0c2ed9d6cde,True
830fd45a-386f-4098-8160-7a1c8e942a1a,True
7a90c42c-4b2e-48d7-9783-826c46111f6f,True
f478f2b4-e996-4683-a4e8-03f62becbcd3,True
2476c706-0ee9-46a0-b89b-3ea52b4a40ad,True
83111928-1256-447a-9ef7-4275ca6c87b5,True
7a71c2d8-0340-45aa-ac56-6dda489f67f3,True
fbda7a63-6a3a-40ff-8ecc-90eea499a671,True
92136f51-b1ba-4fca-9240-37488f0a7451,True
60a17e55-95e1-45ea-98a2-d963843fefdb,True
f56fe5e4-549f-4ded-9213-cf2502a24c06,True
e27d07c3-c256-4e03-a632-4fd04f335deb,True
e189861a-1d9a-4d5a-8558-a8c0848d76aa,True
4654b1f6-252a-42cc-b55c-92fdab8a8436,True
7859db97-851d-4182-ac5e-602472a8ae25,True
c5a15336-c1cf-456f-b470-251cf9bede2c,True
7afd616b-ef33-4f0c-8508-477d99b1f542,True
bc1a4810-fe9a-4112-a2f4-5e81eb35da90,True
441cd7f9-a290-421f-87db-6267739fa9a3,False
598d5b96-a148-4972-bc31-5ae018c78419,True
c1bd8a85-4e6f-45cc-96ff-6cc28dcdac43,True
79f54eb4-5c74-4dc6-b290-e9f6f3455db7,True
b24c106b-e55a-4561-846c-08df5180eea6,True
5b904987-35ac-46f3-9c2e-db37e92ff77b,True
84629455-0a8d-41f5-ae21-b81dadbf1a63,False
a332b853-3183-4444-8a88-0e62ba03c1c4,True
d07adabd-988d-4e0e-bd35-19cff37431d3,True
e80a46d2-62f8-4707-b113-89f7808f462e,True
8ed703ef-305f-4e21-b8c3-1fe545b8c8ed,True
68f4af6e-2073-433a-bf6a-6c3f571d06f0,True
320fc4c2-a113-4b02-a345-e049ba739e12,True
b00e7786-d632-4ec9-922a-7e0f349b6a74,True
9d178650-2aa1-4c51-9d9f-acad76ee4c2b,True
0ece29c6-90aa-431f-a0e8-4c75aa8a88a1,True
6c05fc4e-2746-482a-b0f4-61c3f834fd0a,True
4f6ebd46-46de-440d-90cd-978901d6a7b6,True
0a366805-4ad0-4e42-b598-ffa175e6eba0,False
baa738e0-71c9-4d05-ad77-14933d10e9b7,True
74341997-a4f0-4b93-b409-7feca913614a,False
50b94f63-823b-4f40-a3a2-826d49441e00,True
46702482-d824-4dc6-8ac3-4887b6acb16a,True
a7e46677-7984-43af-a530-3e8d6c61dab8,True
4176e13e-70b7-4aac-b4de-b68f6fe66b7c,True
5b2dfc07-2961-4b26-8c25-ca2192acf426,True
b218513d-3725-475a-93d0-7244194aa05c,True
c9de2415-d866-4ed1-b3f5-e42abf28e2d5,True
0b3183b8-4107-4f61-a63d-83034c7ccad1,True
b5b6586f-25e1-436d-8838-8e85d7bde9e5,True
da62fd88-e0f2-47d2-bcf5-31f674de4a8e,True
928dc5fb-109d-4a7d-a285-65d4acaf867f,True
382bad8f-678e-4245-9d3d-e2327db27997,True
10c9f6f2-b5ed-4fd8-bc2c-0581d4ccb228,True
166f454d-07b5-4da0-9517-5c35bcb5c90d,True
0430a29f-b6ee-4e7a-9b2b-82833d568c99,True
ed820a74-e9a2-4479-b22f-4070aafbeaa4,True
93d0d5fc-b517-4afe-a863-ac2e1fc25424,True
4cb0e680-2889-4ed3-875e-e314eb434d02,True
55e20517-da3d-4b77-b8d2-d51c312e677a,False
b74d1cbe-b4c8-4bf7-a28c-17c02a9cd391,True
1841f9e2-935b-4bd0-963f-e450ee06f133,True
87753702-c44a-443c-a7fa-a44b6e909a21,True
814621dc-3575-4de7-83f4-91edaa6f0304,True
9f221b56-37f4-4de4-b053-55c879b16649,True
f69bc221-d223-4e8b-8125-1fb0edcc5ab0,True
6dc38fdf-0b91-4179-aad4-ee4dfa3af96c,True
c365d8c7-4920-4067-8078-1e640c30bbba,True
41389da3-d680-47e1-9242-1e079535437d,True
e5cb9aab-e9f0-4584-b0b6-8ecbeec319f9,False
065d2f74-49f6-4745-83bc-d0b4f7c667a9,True
fccb72bd-8d8d-4618-bd77-b7bfae8120d8,True
e2d3cbf7-e778-4d90-a1b0-0c0c5eea9214,True
76e61853-6e40-4966-8519-afe59d9754fa,True
6edf0182-08e7-4c18-8a11-b2a5bc4c66b0,True
4e7537ad-1746-4e80-8141-cbad19f8a6c7,True
0a32cc28-6657-4240-97a8-6210ebf8b2ab,True
070ac456-a9e7-4639-81e5-f8bd1c80ef79,True
5ffb5c55-4f6d-4573-b878-6a84b9b84001,True
b1364c81-9b88-4437-9343-58f3b59448dd,False
2c9ae2a1-b759-4d47-9297-287025d5517d,False
e73eccba-e5bc-4cba-b181-0a5b3815ebc7,True
d5394fd1-6e5c-4eb6-bd41-c7f0b25adc2b,True
d58a2388-f545-417b-8c2d-f6c086ed9f37,True
7e1b7bdc-67f3-46c5-bbb1-b27fdc36f90f,True
468b9830-7dcf-48c5-a0e8-e2bfcc8858c1,False
5095c8b1-5eb5-41a4-9ddb-7d6ad636793a,True
537d5a98-c847-4ee7-bdcb-8e27fcfcf506,True
6c15ac80-8c6e-4d49-8879-49439ca5ca9b,True
095ef6f4-8325-4934-b4c2-7846364435a9,True
acb1bf1a-1327-45a3-b067-681faa0f4685,True
aca3c435-7ca8-4ce6-9ac2-b757cc307df2,True
91b583e0-483c-4e27-8774-90f7ac09ce9b,True
f79e0cdf-0648-42eb-a4bf-48b10b321c19,True
29c3658a-c070-42a9-9ada-520629812482,True
8642307a-f983-4cff-b6e1-59f2cfd8349b,True
a6e8c826-ed65-48c6-a26d-de306fe34c69,True
ab69902e-d67d-4d05-bfb6-478e9bffc7dd,True
504215d5-dec1-4ea7-b464-05d2af35fb80,True
d6f8744a-f648-4bfa-8c1f-d77e0314a03a,True
64e9d616-de52-4f36-a344-91d56f74937a,True
c80b96ec-8f84-48c6-8478-9bda7cec60c4,True
7cb3cb0f-36bc-41d6-a7f3-abaad41468c5,True
be32e50b-2ded-4d56-8b7e-309fbdc13bf2,False
ace2d3f9-bccf-443b-b277-4b1cf1148b3f,True
b75aa61d-a165-4fc8-9c21-7057a01cd5fc,False
2a5c9b39-4474-4fe9-bd95-1542fc31218e,True
c5926909-e6c8-4aae-86f2-1762b228662f,True
107b7137-3753-44a8-b500-d336454e934a,True
1fae4348-9953-4386-982c-9fdcd04642e8,True
091a4e44-620d-4cca-8cf5-850306eb2b91,True
6a226992-c24e-4584-b956-9afd3fa11c98,True
c50231a8-a782-45ea-abed-425b600ef322,True
70faaac7-bd21-456f-905b-58bf26e84083,True
70af06bb-592c-404f-9ea8-b013bc9cf538,True
9d92e475-5b4d-4f30-85a5-593ad28b40ca,True
13151d40-13a0-4a89-aa2d-3ecc794620e4,True
3a11fe58-8ef3-469b-8b97-47808a7755ef,True
9fe77ed1-8476-4d0f-89a6-695f7f939232,False
b98a1405-889f-4794-91e2-173af4416ede,True
f140b7b7-89a5-49d1-a7e5-83396199685c,True
f76743ce-daf1-47aa-b337-3388fe5750e3,True
db1ce082-578c-4491-a822-7276a35ecd33,False
035f17b8-8d1d-4b8b-a397-9a0ecf2191c1,True
4367891f-5988-43be-9040-39f825dc3aca,True
fb6cdd8e-fbee-47a1-9a6a-0295468c4810,True
13f9d24e-1bf8-48e0-bde0-6a8aefe9c930,True
c1cc0149-6993-43c3-b828-35acd57c7104,True
328dcbd7-15bc-4054-b9a8-bf44b644a02b,True
08287ed5-15ec-4fe3-96da-ee1752a8ac4a,True
ba1b81e9-404e-4e26-bec7-531292571e52,True
0afe0d78-018a-4e34-91c7-7647763b3194,True
e6db6ea0-e643-4a39-9208-6a8726bf2c91,True
591ce3e4-3a8c-4792-9b87-340c38f3edb6,True
14d8cb2f-b655-48f5-8f72-75d9bfdbf882,True
ec68ebc7-7663-44bd-af9d-f81d1adfc174,True
efd76b6a-116a-4ecf-a244-0c9258a8c2e9,True
e2321edb-8b50-4d6e-a5d0-43981d9a9510,True
23d32224-6696-4e6a-acdf-96b393a80901,True
a074e522-c44d-421e-9b3f-a93574885f9a,True
a73ced14-6e35-4438-8675-514a53e6751d,True
a5aeb75e-87e1-4a51-90d9-8c905a0d74f0,True
ffc15ffa-669a-4379-a074-ec5a133d6bc7,True
f4720df8-45f4-4fb7-ade1-9613532b7c62,False
bc8a2e0c-dc65-4554-a10f-dc5f31a0d815,True
c776be8c-cd21-48dd-8745-0bbe3806196e,True
cd4600d3-6c06-4dc8-986e-a7c3eb62f11a,True
26c423df-7e65-4e83-916b-336f92c43b93,True
709a0aad-9d2e-473e-9a49-8fc00fc555d8,True
6a56be7f-2fa9-4c71-bbb8-79c7d23b0f18,False
179337f1-dd17-4fa7-85c8-41e019e219ce,True
226ddc53-fd99-4621-9c33-6cf62400a127,True
83d5d4c0-372b-4706-8930-f936612788c1,True
2c7326a9-e829-41ff-ac03-52e52cbc29dd,True
b4c687c2-4b37-4d8a-a6a5-0a4ed51402a0,True
6d5f6bbd-bcfb-427b-ac95-d10eaa202231,True
9a55180a-be44-470a-9b08-378430395e80,True
bd61df39-fa0e-46f1-bdbf-13da1c310823,True
13ba244b-a5af-4690-8903-f3f9da74b260,True
3821de79-b3ad-4bf6-a6f6-4f0f42aad2e1,True
4f5a28e3-04a1-4d7a-b18d-f9ba60f35ef1,True
4d988bd7-2395-40db-9638-40d588485ac1,True
07806bb5-caa8-4aca-baa5-fa8e7bf08c19,True
af2da45e-5b74-4364-8a6c-e49c1a2ea2c4,True
423d7703-86a8-48c8-aab3-798ce28c8cf9,True
128a3902-8a28-4c64-b00a-5b9cff4c5ccf,True
99fb692a-d8f5-451c-9e90-532c78a85483,True
d608bed1-f021-443f-a6f7-0c704080b4ea,True
c8ad5578-4718-4444-82f6-be04bb468090,True
23d88b17-7b66-4880-a393-641e5a715526,True
8e7f6025-b5c5-4508-9607-f4019ddb6fda,True
031822fb-d92b-441e-bb0d-12cdbf649650,True
a1978eaa-3f94-4d3b-bce2-b7435531a050,True
c9be42a8-0d6c-440d-929a-3bb745e3b37a,True
b4c83e97-85ff-4d01-9b4d-ab4d64b53219,True
6bc0abcd-7892-47de-b2d8-c54df1b67ea0,True
bb2922e2-8c95-4039-adfe-4b2e528400d7,True
1ecb4396-72f3-419f-bf46-50da4115f8bd,True
4d6f5240-0dbb-4cbc-b553-bf6bb041df7e,True
a5773b21-b243-4d12-a658-51717084e187,True
8e9368b0-c5d5-44a4-bbfb-7e3096ac699b,True
b029d8cc-c721-4e17-be78-36218a1684a9,False
e78930b0-e0da-4751-a28f-a730e60b0748,True
8502640c-6c60-4a53-8f32-418d9554f445,True
531d0223-1254-40b1-b359-993c3a86f606,True
62ec92e8-4d0f-4e60-bcd8-8a5434e3dd29,True
ca8a7131-1072-4973-baf2-136addac482a,True
1381f5dd-d9e6-4c37-8a6c-7f1e899bc66c,True
11f74bcb-4dc2-4ec7-8d7a-887f83eb7dcb,True
ab02abf3-4ef7-4808-8ea5-038e9a05c073,True
b3de9521-38ed-4490-9e8b-9ec2b0560733,True
5d3168dd-b0d0-4e18-80b2-ab76b18262ef,True
9eed1218-3dd3-419a-aa29-26624c22b1c7,True
64e6e9ab-0aff-4626-bed7-00bf272a73fc,True
e7248553-43a1-454a-8b7c-63e752280b8e,False
1cb701bd-1c78-40d8-b3dc-a777c50bb65a,True
a367caae-7d32-4b98-85c9-c61294b23ce5,True
dfad9061-0a05-412a-90a5-5afed6c73ad9,True
c78a86d6-83cd-4e39-9514-a52fb0e7bd2f,True
4974dd24-ae04-46bb-9e78-28065db67ba3,True
26c42acb-4f1b-4d8d-bfb7-9d2986569296,True
fa974c4b-ba7a-4c94-acfd-2bae6fb06aaf,True
bb856c5e-d2eb-40f3-adb7-4544e3cfd9a0,True
bdeb78e5-c919-4804-8379-97a6082de8b5,True
ccf8e6cb-697b-4950-9301-27164ada90e6,True
8bcd124a-2afb-4fa9-abb0-a0d8d96c30a1,True
eef6b2f7-3a4c-415f-b879-69a1dff3c094,True
8f8eb127-df1f-4afa-a225-4688bbaaa830,True
46a65f3a-0767-4790-8b2c-161bb4ceacc7,True
3ab87d07-32b8-4515-9ebc-4424ebb70105,False
c2ccd849-e749-4a35-9624-978a4a720809,True
6162cab1-5ce4-441c-a315-6c92bc2d45d6,True
03d5490e-481b-466d-b6ee-ae48117f399a,True
b16fb360-327f-459e-9161-ba236257740b,True
c809de77-76f1-4478-8d84-c4fb1faf25ea,True
de852b2e-3cf4-49b0-bf3e-d7529824018d,False
08fb0d66-60f0-4db4-b9ab-5469590e2993,True
5efcf805-dfce-4c2c-9773-e7e84ffc1d63,True
183307ff-eb6d-4ed5-bf0e-9d006c7b4702,True
593fd7ba-cd7b-4372-8996-4e523371f622,False
7906b4c7-3e39-450c-a96f-5a5d949677aa,True
6ce05f37-a61d-4fef-b2bd-f3e51e92cff0,True
2731a88b-af83-4274-911d-d4ebea00a295,True
841b639c-e777-40ba-8d01-2b976ead26de,True
03925917-14ed-4fb7-bd7b-68655420fd0b,True
a74ee7fe-ee89-4b33-a95d-65d34373a9e3,True
3ab48f17-8938-401c-836f-f94a1fdce0b6,True
9eb3a732-489f-496c-8dea-349b7370ccca,True
d8d960bf-6d38-42f3-910b-3f5eaf46cf56,True
ba1a3ce7-3baa-485c-b50c-8724f112849e,True
7cfcb1f2-7473-4b3d-ab14-8d64cce569de,True
ef688a34-ff34-4995-a0e7-c66080180d5e,True
f43fafbd-aacd-493a-8897-90ac83ec9d7c,True
4857f98a-8933-41b0-91c7-68229f6e1758,False
12e4fac2-b9cd-427a-a689-de5cdf44aecc,True
815cf050-ae0e-495d-8c1c-862168dc6606,True
106f5bc1-ddc2-47cd-b22e-6b2e749fb556,True
265447e8-9547-4ee1-a03b-c36cb0e5eecc,False
1f8ecbc4-16c2-4c51-a652-9274957cf1e3,True
1eba23a0-8bb1-4eac-b8f0-fb365a196477,True
d2efef9a-04c6-4456-9514-1ce79e6892b2,True
025c42ca-c94d-4eba-b4d1-a38a90f1ad7f,True
7455453c-10f3-4a60-ab37-ca0d3ecb4afe,True
8a030050-28ba-4d5f-af8e-6e1927053053,True
9e5b96c9-ceb1-4107-a4a2-c81c87accb85,False
de38e78b-0a9c-4dd3-a348-df7b0111916b,True
ae37273c-5f63-4b7d-a941-fa046c4e00af,True
cf1edb4d-81ec-4e2c-9da2-be2d3736bbb7,True
0468652a-285a-491c-aad3-9220b6eda50d,True
1de440ab-cc5f-49a5-81b6-644a8f7f20bf,True
ae99fc6d-d332-4c39-b382-08a39744df94,True
680b84e8-2922-4a46-a3f3-4701cf5d6ea6,True
81cb3de8-c8d7-429e-9d58-ead1924c7e78,True
d7c368a9-1c79-4bc0-9bba-45130380ac4d,True
3d8aafd6-36ed-4f75-9d4c-ec4a4b7585cd,True
b57eb7c4-b8d2-4841-8fd4-5961a255f549,True
154d99e9-745f-42be-83c2-13c39cb9e57e,True
07c8f521-2f1d-4b73-b4a7-5a666f84197f,True
0dd122e3-e1f9-4ea6-82b9-927f6df12dfa,True
41bd610b-2ce7-4cea-ba71-0d74e6f0b319,False
72caad71-a325-40b6-aeeb-4df343a0e7be,True
cb93ffaf-639c-4e6f-abab-b58619d90c22,True
ad5322a8-6d1b-4bb7-a343-2be8aafab906,True
af79eb80-1123-4001-a9dc-b058ac2a435a,True
57396c64-6857-4c58-9ede-36e6dd69c095,True
3fa3e8c3-897c-4521-8785-cd661d1989e2,True
27da429f-e7cf-48d7-a930-7e280c904ba8,True
bffe4ab2-6bb4-465e-8db2-63e77d76ed76,False
bbb39045-01b7-4189-913d-5fc089ffa467,True
637399c0-f985-49b1-8aab-a4233ce6bb64,False
4a3f6135-a20c-44cb-9a39-547758e93f15,True
e56c0f70-9d55-43e1-bfe3-6eaad2358669,True
a592290c-6410-4f8d-9963-703763ad951e,True
1a26ca3f-adae-403a-b30c-c3932e93f51e,True
354c6ad1-e8cd-4c40-b64a-a91eb56c4efe,True
5bfeda16-8576-429b-8a92-2509c928f2f5,False
ef098b69-4def-4cc5-ba01-9cbbd7c9e572,True
036ed9df-ba29-4d58-883e-c37d8435f891,True
0aadb988-5527-4e6c-a104-a8e67eb2668d,True
f685926c-0e21-4c46-8f6d-e500efd67696,True
8346a7f0-6beb-4b7c-8050-e19840941cc1,True
f343e5fe-de19-4aaa-9621-e7b02712e88f,True
45397079-2253-4f9f-b74e-88773d500ada,False
ecc30318-f2c1-4d34-a41e-cdad79bba9b4,True
ac4225b3-5db7-463e-8a1f-97546fb8bf9d,True
9912a313-c6bc-49f9-9a2c-196b5409ea82,True
c027b838-c68c-41f6-a428-d2af2529c087,True
d1bb4b98-35ce-4c76-8f15-6399272171ef,True
6526f1de-c89f-4e23-bac2-f1198f988104,False
355ca977-6a7e-4e36-a811-b70144a1d3e5,True
388d413a-ffe9-44f9-b196-1295a882eb8b,True
ac4af51e-bbb4-4d3b-80e5-cb5e15ffdf2e,True
9298ee4b-1dae-45e2-8364-d7b76daeca51,True
b5438bb5-055a-4eae-b970-8c6cc9f68a14,True
3ff13961-1114-432c-a666-ecdfa488e081,True
1980e480-5d14-4aec-9dbb-93cb1002ab76,True
7722d47f-7ebf-4be9-870b-1716155c4c26,True
afe5d37d-c043-43e5-b6e0-6f9dfac8977f,False
4597af52-ef8a-48bc-8d10-f43ef5f97740,False
4efb8072-9d8b-4520-bc7d-0d1021a7ea13,True
e1eaa7c8-1262-44c8-9852-4f587bd7ce16,True
9a023e85-95d8-47fa-8547-fc40ac0ca698,True
80b85ab3-dd1e-41c5-9bcd-df386c4b54f7,True
bbd7c269-5324-4bb1-a020-02a7da9ab78a,True
3f846344-8f43-4df3-89dd-311581fa731c,True
6c3cc582-e173-4127-95d9-d77823276ba3,True
45817e05-d46b-4bd3-a17e-9c9b202b4737,False
1d27f362-241b-479c-a972-a7d7a75cf790,True
764ddaae-764a-415f-8bec-0fdc83acd367,True
66f5d154-bc26-4520-817d-98b9c9c8abde,True
10320153-2829-47c8-8890-0d50d3448225,False
c13e5e3e-d8ed-4610-8eda-09c6aa13dc91,False
b5e8df3f-1e82-4da1-8ad2-43e538910f36,True
882fdaf0-3455-43cb-988f-408c199d0333,True
8348e9ad-6dfc-4a2f-88e0-56242c92b827,False
5328dde5-ebee-442d-9edb-03db183318fa,True
507d8741-3730-4936-9ad3-2de6ce77807e,True
4397c7c8-d915-4e46-a27a-e831c0a5955d,True
0694000d-c52a-4b41-8fb8-aba5b0466904,True
81156913-2a26-4720-8fa1-a521a58e2f32,True
29cfae37-d341-48ec-9192-d60a49173fe5,True
90dcebb5-111a-408c-9f76-3d3911ff8caa,True
993a3e1c-9a0f-4d09-8e65-ab77229fa3c3,True
47a81a4b-fb97-4c1c-b5ae-7b6a38e972fd,True
2e206d1f-480c-4a00-b824-b6ff1a6b4b53,False
0f4d47ae-e728-406f-a724-d23899ac2fbb,True
438842e0-526e-4905-81f8-fa625548b69c,True
9f568c47-a72d-4701-a854-06f0e078c27d,True
36c691f3-37da-4cdd-9f5d-c7b5cbf9bf54,True
8c5fc6d9-cb46-4317-9ac6-94da5cb85629,True
f8ed56ce-aba8-4c9b-8a2b-40c5bb1b68ca,True
754b27cf-ccb1-4ff7-a4f7-e598c1d78e96,True
14a8c34a-c0eb-4423-a518-59f5fd36aece,False
9067d149-adec-43af-ad5d-afc8c9a28187,True
9b3c6d16-0359-45e9-8380-a9399d5d200f,True
b0670db9-4000-4643-9900-5347a3c78dde,True
6a404439-f556-481b-8d49-161ae1664b3e,True
99a484e0-1f43-47a6-87c1-de858e702b63,True
9eece8a0-c89c-4e06-b961-f03e40f674ba,True
aaf0e6e2-72e2-4dcb-be25-4ad50f49b1bc,True
fb2b267a-dfd1-4a0f-9861-ca18cb20c404,True
355094ae-c7ba-47be-b265-4cb19daee06f,True
d5abaa9c-2330-400d-9706-d35804bcf02f,True
5ef9747c-1943-4281-86dc-666512027baa,True
9cce1909-e756-44d2-ac6b-902587a5fd5d,True
66e46cb6-0eee-4fe7-880b-1ef3e0f04323,True
ace2df92-b1cb-4a34-be2b-de46ef55f103,True
d78ec15a-fb21-46e4-85ee-576903b065e4,True
162fb41d-2869-4741-ac36-21153e021d6f,True
c00d6c7c-2b2f-4145-bad6-0375b9ffd9de,True
f12e8aad-ee43-4c40-84d8-bc3ed3ac8715,True
55f74108-a13c-4d6b-806a-ce0dac004c67,True
831c62aa-b599-49cc-86c4-c344cfcd5f0c,True
1f65a37d-840a-4bed-b86b-07f349d6ee6d,True
3a846e7b-b739-4acb-9956-66da7efde6e8,False
d1fea233-b7d3-4ca2-b58d-ef82360e0eaa,True
19a741cf-bda8-4075-856b-ad68ec38c7d4,True
fa001185-47df-4020-bc66-f1b3e156f0e1,True
312745d3-d663-4eed-93c4-5b373fcf3702,True
b5618b7e-24b8-44c1-a5b7-256184dae625,True
1068ef4d-a3de-40c2-bb55-fda6b71bc5c3,False
a2f236c4-2ce1-4ace-b12c-c18915bbad17,True
8fa5cd85-85b6-4d6c-a4ec-b99fcfca55e8,True
8f62ac4b-59ea-4fdb-9371-d10d9e713a0f,True
03aec817-c1b7-48bd-be76-6f3dd6089b7d,False
039aeb15-f9fb-4ee9-8272-f56e0d2fa39c,True
4e9e49d9-c592-44d0-ac45-0eca91fb7405,True
c77a6849-bfa4-466a-80b9-4fa2d5021463,True
c39ac57c-ae3f-4336-aa5b-2c6bb79d3713,True
cf1aef0b-aae6-4b21-803e-e4d4a40a3dd7,False
43b3dae3-4290-4a9f-a72b-75834ff84ac5,False
8beedfb4-51ae-4c1f-a85f-23487c5a14bb,False
2e57135c-7e85-41b8-a09b-6eab6c56c93e,True
9d833c9a-56ff-4313-ad23-a5a051713dfb,True
6d0e5b91-5978-4176-9789-b596939dea9f,True
85bb7a56-e871-42e3-a176-f8ceb2c70a32,True
6d3531a1-ffe1-4c78-9dbc-c2f8a6ee37ea,True
da2541e7-8c44-4172-9650-b35cdc5b37b9,True
2acd06c3-cb68-4699-9359-39225294e1f6,True
80a4aa9c-f7e4-4698-b706-6e0c6699091a,True
daa1095d-3319-4fa4-affd-f6f032db5d1a,True
9ac59753-ec5f-4415-bc89-288523830b49,True
cd191cac-9ced-4d64-aeeb-64ebb565a7d6,False
0ea54d93-45ad-4996-bd0f-da0afaf4b680,True
e38951c8-41c9-4436-9c3d-5529f3ddb840,True
131157c6-7f7f-4a3c-9d20-0c986ad441d7,True
7f91518c-e5bb-4a55-b813-dda5d4625fac,True
2f57ab81-4ac1-4c77-a043-746ea5e3b7c9,True
0069d7bc-3956-4135-b56e-948d48f3c1fc,True
3f340052-341b-4a78-8d17-018705502c1a,True
aac85898-b44c-4717-8ddf-bbb9ca906244,True
0e2140ca-b67f-4b8b-87de-68c98290fae9,True
3b35de34-6ef1-4a8c-8373-e49b3956c401,True
0d5a568a-20bd-4e1f-b1e2-bbee58db7964,True
6f8afe9a-4f2f-4db2-a25d-4acf3db6c547,True
1429d850-9e54-4c9c-a13c-66666adf471f,True
9b971311-8983-4695-91d7-a03f06c90164,True
eedd49ab-ef39-4b2d-866d-649477fd25ca,False
28a543a8-1167-497b-b0b7-01a40d62c65a,True
449696fb-6fe5-48fb-a1e5-4f1fccf2a4ad,True
e4b38491-a805-4c47-832a-a4e022f2964b,True
ef95f741-9172-4715-9ba4-0dc53e90dd0d,True
f03b1c67-4fb5-448d-9a75-babea1e8879c,True
141c916c-c70b-4dff-abdc-7f25d6f394a2,True
a223949a-b44e-4adb-97f6-b4fe5c6800c9,True
3912fb1f-1a61-4775-873d-4ba42b595ac5,True
b57dc390-665f-4c42-a6b0-eef20a53d97e,True
d25d1be6-80dc-44df-877e-b541f2c7dce2,True
7e7c6bcd-279d-40b3-92fe-a5538e9ee2b9,True
7db8a934-04d4-4930-8361-d76ecde04b0c,True
e719a7b4-c371-4f65-93b0-a40048242f23,True
3a395d08-6b24-4c00-a645-32c3e0017bc7,True
5f3e1258-e147-4851-87a0-affa12f8e967,True
24bfffdc-c1c1-4362-b4d4-ac4e39ae6ac5,True
75d71475-af43-4b66-8f93-d7d6ff11f197,True
11ed4b82-89b1-4c9a-b044-f85c34440f8b,True
12775771-d5eb-4c61-b71c-338d21fbc017,True
1d3a64f6-2737-451a-b3d0-a48e9a2dc915,True
1f6a2205-3d28-4e09-944a-75bcd4abd41b,True
9093685d-f816-44f0-823a-4a505cb0281c,True
910be36a-d02d-4897-b168-afbb60999ff6,False
5c1b1537-1d5b-4284-b7d5-b963edbce12d,True
aa96556d-9444-490d-9379-b499429bd1fa,True
85683ab9-145f-43ec-bbe7-60e96963f70f,True
91a41712-5dc8-41df-809e-ba4f28f42286,True
de9f99ac-afea-49d5-9245-11445bf35e89,False
7a63b678-0ed7-435a-95d1-a48c3d9cf75e,False
1968ec47-a76c-4cc5-b410-7ca5195943f0,True
6dce23ee-ff94-4eb7-ae92-fd936dd0c563,False
c4c142fd-8fc3-4034-9324-6d984ec83f5f,True
cb3bd54c-cdd5-4ca7-a91e-5a6bb2a0b0a7,True
0e333ec8-7407-45b8-b162-fcb0d810054f,True
55a25c03-4350-49db-a398-98ffab89298e,True
d387b196-6e30-46d9-ad35-ed3368a88c36,True
45fc77c6-d0e0-4cba-aacc-5fe419e474f0,True
58763c45-823b-4ae0-9ca8-675c010d70e7,True
ba968f2c-6bec-485c-91df-14eed1967cff,True
1bce4322-c011-4832-94ce-97f884e52eba,True
7289afd9-35e3-4568-8aa0-b1fd66164cd2,True
8755a012-d363-4600-bb37-2df74fd5a0b3,True
e6bfa7a1-55de-4f51-91f5-82eeb64caae2,True
34d3be88-a0de-4805-824e-923ca30844e9,True
0a97cdfd-db82-4811-a724-dfce63648baf,True
e22378c2-2350-4677-a989-d42ea495bb46,True
ad4e1f87-3404-4846-bff0-e9698aee9a0d,False
78c19d18-757c-428b-94cd-577ff48e12a4,True
868223e4-d503-40d6-b8d9-8018a78ae453,True
59e674c8-885a-4763-b80d-3eb3b66b0730,True
abbc0b52-0b85-4be3-93d1-22e37ba5621d,True
9d643623-846b-46fd-9d90-5505591cc603,True
118e13b7-c0f5-4a9c-b0b7-bc666e1f5fa4,True
8ba8eb87-b572-41c2-9451-3c52dad30e9c,True
521fb3a0-02e0-49c3-8502-53844b862f69,True
434053a2-76b3-45c5-b9a0-3d5a5bc8d998,True
fc0b17c8-a4a4-4c1b-9e39-32bcbf604d1a,True
fac62a72-8564-48d6-bd54-fbf2fa47a38f,False
da7bb570-0708-4862-ab01-9ec70bf720b0,True
36034527-0b86-47ea-ae48-62c09aa94bff,True
b0450153-cc90-4729-9cbd-1c1557590afa,True
265f0cc7-5800-4c4c-8fc2-fdac49bc20ce,True
a8792fb1-bd50-4b50-af87-a56e04d51c79,False
53bc87fb-f54c-4b03-82d5-afd13515a9aa,False
8a931012-7500-4150-8f6e-7dc5e7618c23,True
159fc25b-d8c3-446b-866a-eb2545c301f4,True
9277b1c2-2f5f-4fbc-958b-1d417ab5c784,True
2f271126-2ee7-4f9c-8ed4-0061508458d7,True
095b80bb-7d10-4aa8-8cf1-da11bc1ee744,True
c6a20878-dfda-45d5-b04c-8b1367571485,True
8b86efb2-0602-411b-a95c-b0d3edf5a9a2,True
975acc20-f818-4c04-90d1-997764a3f646,True
991ea314-9d53-468d-a635-1f8ccd82bb58,True
94158df7-8662-46af-a164-4207e58f51b2,True
54624818-b731-415e-91cd-ebad1a62d7d3,True
a00c1540-bf60-4bf3-9c89-7bc27d123b27,False
c95b918e-269d-411c-96fa-22a2d3be8efe,False
0c8fcaf9-2bbe-4384-aac6-77d72ba5a23e,True
bc72cc0a-c1d1-4e45-b253-c95c3b370f96,True
f584ba74-2d6b-4c08-9e07-9b08766145b2,True
35eab071-d731-4142-a48c-c388e89d781b,True
2bf2d2fe-2403-4b24-b11c-e344d67ef250,True
662d875e-c43d-47b4-a060-22adcdaa2c0b,False
4bdb7627-aff7-44b7-bbd1-7e99df6a8e56,True
76725ba2-483d-4ded-b254-0faf22260359,True
a6d89aa9-9e96-4c58-aa7b-dbd7154c4657,True
eab81244-6ff8-491b-8ab7-618a816a3101,True
c5427438-cd60-49f2-8293-1f51b3abfe49,True
cbb1b837-bfcf-4474-9b9a-ede681bbdb3a,True
4c4b51f4-46a2-45e9-9a6f-f0f97bf47eb3,True
d3f729d1-0119-4663-82ad-2ca53617e528,False
d2c7dba9-75b6-414f-8766-015033732dec,True
47013eea-9e94-4194-8d3e-cc32a06421a1,True
f9d9e67e-3bb7-4a8e-bea9-39c607067d97,True
80a3486f-6a75-4c30-8080-27ee462ff2dd,True
de863f80-9de8-4026-ae8d-2a04a185073f,True
1e5ecd2e-590f-4681-bdd0-a124bc922e67,True
9f1c3a2d-fe2a-4578-b598-34bc756b89b8,True
32a5eb79-de54-4e33-92cd-1cfc37b06679,False
efa7ce88-2a6d-45fb-a75c-e9cf8a5dd646,True
42c46992-0259-4c0e-98a6-9a62748f3060,True
d4abf403-d0d4-4826-bb62-3d5e1b7a066f,True
16420dc0-c024-49b4-a88b-b693df648c64,True
f126aca5-0b51-438f-9b03-9044d82582d8,True
32b235f6-e713-4215-8d78-02b67f52fc19,True
f2a0f5f9-f9e7-40a1-90da-ed0c6df348c9,True
0658820a-d052-4831-927f-0f89f1de9da5,True
23f13d4b-e5d8-44c8-a6b5-13ae5993c590,True
ddb7e415-9d50-4f5a-8c70-6905fd74d603,True
25bcd663-4ad7-4a2b-9e84-479f02682684,True
88cba771-9062-4d32-85b2-6c8cfbb480f7,True
1c51e4fc-a6de-4514-911d-e2a4be561d1e,True
64c65d04-a673-4cbd-bfe1-9c94c39b79b6,True
2a657126-8f2c-48b9-9324-89270fce6f84,True
99b57791-f48d-41fb-9276-45786bdb37a9,True
ef7dc281-849a-4054-bad5-d670731f877e,True
354d9e4d-c32e-4612-a461-ef1c9b1b67c7,True
1e33137b-0b71-414c-942d-bc5bf871d4ac,True
9b2324cd-02a9-4eed-940c-29a563e361f5,True
bc883865-e6a4-446c-a9df-a90b07cb5904,True
68c7914f-43be-44ce-9491-6470601197b6,True
65812694-6e76-498a-bf9a-61d888156a71,True
3db5c0e3-5b48-4d8f-8f5c-3fcc8a3614b9,True
549ef500-66c4-48c9-97d4-245c41e9d7c5,True
250ac29b-8711-4db9-bdeb-65092033d868,True
999df567-8e77-40ed-9bbd-f98b7b1d772d,True
788edeef-3559-4fce-9e71-f68e1938ef6f,True
79c65945-e5d6-4f4d-b5e8-4b843a6e322a,True
1694c6d4-7ab9-4a67-96bf-08d8ce1c7387,True
6b187a69-20c3-4d8c-ad53-29797e8824fa,False
d81f9cc0-6bf8-49a8-bb8d-8e977c87bb0c,True
2ce966a9-f650-4d78-a7ab-d0d8a5dad999,True
c46ed28d-298c-4022-9933-b367a0208c59,True
dc3b9cb7-1269-409f-aa7a-086ab4efcbab,True
9ed526c3-ea8d-4c02-9c2b-74767e5b0482,True
03fc4f09-803a-4727-a18c-371853d0c826,True
4deb9ade-1591-4e66-bcc7-851245baefcf,True
58460c3e-22aa-4d9d-8f58-7c229fcda165,True
d8eed048-9091-4f7a-ab73-15880a1d019b,True
511087d8-6520-4cf6-b5bb-3f0e9cb7799b,True
d0ca401c-5018-47fc-836f-39dd0029c1d5,True
ebdfe349-9950-4234-9f18-29b9127b39e0,True
cd2764a0-9c2f-40e3-b29f-5c644bc78586,True
968a4a7a-685b-4556-9b35-05d3a845521e,True
d5ccc640-9627-471b-97a6-6fdf4251bbe7,True
085a8dae-d4ec-4efe-9928-d8606bfe4a3d,True
fa47f5b3-787e-418f-bfb4-3e57bf7869eb,True
5acdadf5-c13e-4aaf-865e-419604f764b5,True
5fb323c9-a73d-490f-a8f9-0771ef579614,True
be4af972-c10d-4c3d-b5a4-3afac3713ede,True
6ab4946d-30ce-4062-b9ef-e48918741aae,True
5e0e1ade-b38e-49ef-be95-ef3a028a9e41,False
7798326d-520c-4c3c-8fc9-517978ea980b,False
96acefeb-10f4-481d-9d92-21e063b4decc,True
b87893c8-4d3e-4072-a4cb-52f8f5a69754,True
bac012ba-ad54-446e-a69d-69010d09c732,True
cc9fe8d2-6029-48ac-981b-25c0bb633d6b,True
7cb5ba18-9490-4965-9107-2e297649cb3d,True
7d2d7746-a6d9-4273-824c-46ccb7a5d74d,True
d2722c5d-fa45-4bb4-9741-afc1ee663562,False
bbbf63a2-7bff-4e17-b659-296d5b80216f,True
3afda692-6deb-4718-9219-182c2fe47a31,True
04e206f3-97d9-423d-8e72-e149d0aedb17,True
77dda0c9-3d6e-4f74-a69d-6b19f978a6a4,True
ac961db7-9cca-4bad-82cc-65bc7f680833,True
98c41953-5f91-4f25-9784-ccc06798df72,True
78560ba8-236d-459c-8173-5265a3066466,True
c7efb71a-3d64-4eaa-80d7-f6d55580b7f3,True
e29fa9f6-7001-4ed3-b278-7f93c1aa533b,True
399c9b79-7a8a-4dd5-bd75-44fe35d72cfd,True
60ebb5c8-fcb1-49e5-af0b-dd99945f0de5,False
471ce180-c001-4983-b4b1-51ff5616f7ed,True
e8d1d16c-8a29-489a-9346-0f84b2c60872,True
e61650bb-f705-4698-8bdf-69e2ca608e4e,True
